uID,rec1,rec2,rec3,rec4,rec5,rec6,rec7,rec8,rec9,rec10,rec11,rec12,rec13,rec14,rec15,rec16,rec17,rec18,rec19,rec20,rec21,rec22,rec23,rec24,rec25,rec26,rec27,rec28,rec29,rec30,rec31,rec32,rec33,rec34,rec35,rec36,rec37,rec38,rec39,rec40,rec41,rec42,rec43,rec44,rec45,rec46,rec47,rec48,rec49,rec50,rec51,rec52,rec53,rec54,rec55,rec56,rec57,rec58,rec59,rec60,rec61,rec62,rec63,rec64,rec65,rec66,rec67,rec68,rec69,rec70,rec71,rec72,rec73,rec74,rec75,rec76,rec77,rec78,rec79,rec80,rec81,rec82,rec83,rec84,rec85,rec86,rec87,rec88,rec89,rec90,rec91,rec92,rec93,rec94,rec95,rec96,rec97,rec98,rec99,rec100
1,b,b,c,c,a,b,b,b,b,b,b,a,c,a,c,a,a,b,b,b,c,a,b,a,b,a,b,c,b,b,a,c,a,c,b,a,b,b,b,b,b,b,b,c,a,c,a,b,b,a,a,a,a,c,c,c,a,b,a,c,c,b,a,a,a,b,c,b,a,a,b,b,b,b,b,c,a,a,a,a,b,b,b,b,a,c,a,b,a,b,a,b,c,a,a,c,c,b,c,b
5,a,b,a,b,a,a,a,b,b,b,b,a,a,a,b,a,a,a,a,a,b,b,a,b,a,b,b,a,a,a,a,a,b,b,b,a,a,a,b,b,b,b,a,b,b,a,a,a,a,b,a,a,b,a,b,a,b,a,a,a,a,a,a,b,b,a,a,a,a,a,b,a,a,b,a,a,a,a,b,b,b,a,a,a,b,a,b,a,a,b,b,a,b,a,a,a,b,a,a,a
7,a,b,a,b,b,a,b,a,b,b,a,b,c,c,a,b,b,c,b,a,c,b,b,c,b,b,b,c,b,c,a,c,a,c,a,a,a,b,a,c,a,b,c,a,a,a,a,a,a,a,a,a,b,b,b,c,b,b,b,b,c,a,b,c,a,b,a,b,a,b,a,a,a,b,c,b,c,a,c,a,a,b,c,b,a,b,c,a,c,c,a,c,b,a,c,c,c,a,b,a
8,a,a,b,c,a,a,a,a,a,a,c,a,a,a,a,a,a,c,b,a,b,a,b,b,c,b,b,a,a,a,b,b,b,b,a,a,a,b,b,c,a,a,a,a,b,a,b,c,a,a,a,b,a,c,b,a,a,b,a,c,a,a,b,a,c,a,a,c,c,a,b,c,a,b,a,a,c,b,a,b,c,a,a,a,a,a,a,a,b,a,a,a,a,b,b,c,a,b,c,a
11,a,b,b,a,b,a,b,b,b,b,a,a,a,a,b,a,a,b,b,a,a,a,a,a,a,c,b,b,a,a,a,a,a,a,b,a,a,a,a,a,b,c,c,b,c,a,a,a,a,a,a,a,a,a,a,a,a,a,b,b,b,a,b,a,a,a,a,a,a,a,a,b,b,b,a,a,b,a,a,a,c,a,a,b,a,a,a,a,a,a,a,a,a,a,a,a,a,b,b,b
13,c,b,b,a,a,c,a,b,b,b,b,b,b,b,b,b,b,a,a,b,b,c,a,c,b,b,a,b,b,b,b,b,c,b,b,a,b,b,b,b,b,b,c,c,a,a,a,b,b,b,b,b,c,c,b,c,a,b,a,b,a,a,c,b,b,c,c,b,a,b,b,a,b,b,c,b,a,a,b,b,b,a,c,b,b,b,c,b,b,c,a,b,a,b,a,a,b,b,b,b
14,c,c,b,c,a,b,c,a,c,b,a,a,b,c,c,b,a,c,b,c,c,b,a,b,b,c,b,c,a,b,b,c,b,c,a,b,b,c,c,b,c,c,c,b,b,c,c,b,c,a,c,c,c,a,c,b,a,b,a,b,b,b,c,a,b,c,a,b,a,a,c,b,c,b,b,c,a,b,b,b,c,b,b,b,c,c,c,c,c,b,b,c,a,c,a,b,b,c,a,a
15,b,a,b,b,a,a,c,a,a,b,a,b,a,b,b,c,c,a,b,b,b,a,b,a,b,b,b,a,b,b,a,b,b,b,a,a,b,b,b,a,a,b,b,b,b,a,b,c,b,a,c,c,a,a,a,b,b,a,b,b,c,c,c,c,a,a,b,a,a,a,b,b,c,a,b,a,a,b,a,a,a,b,a,b,b,a,a,b,b,b,b,c,a,b,a,b,b,c,a,a
17,a,a,a,b,b,a,b,a,a,a,b,a,b,b,a,a,a,a,a,a,a,b,b,b,a,b,b,a,a,b,a,a,b,b,a,a,b,a,a,a,a,b,a,b,a,a,a,b,a,a,a,b,b,a,a,a,a,a,a,b,b,a,a,b,a,a,a,b,a,b,b,b,a,b,a,b,a,a,b,a,a,a,a,b,b,a,a,a,a,a,a,a,a,a,a,a,a,a,a,a
23,b,a,b,a,a,a,b,a,c,a,c,b,c,b,c,c,b,b,a,c,c,b,a,a,a,a,a,a,a,c,c,b,a,a,c,a,c,c,c,c,a,b,c,c,b,b,c,b,b,a,b,b,c,a,a,a,b,a,a,c,c,a,c,a,a,c,a,c,b,c,b,c,b,b,a,a,b,c,a,a,a,b,a,b,a,a,c,a,a,a,a,b,a,c,b,c,a,c,c,c
30,a,a,a,a,b,c,c,a,c,b,a,c,a,b,a,c,a,a,a,a,c,b,c,a,a,b,a,a,a,a,b,c,c,a,a,a,b,a,a,a,c,a,a,a,c,c,b,c,a,c,c,b,a,a,a,a,a,a,c,a,b,b,a,b,c,c,a,a,c,c,a,a,c,a,a,b,a,c,a,c,b,a,a,b,a,a,a,a,c,b,a,a,a,a,a,c,b,a,a,b
32,a,b,b,a,a,a,a,a,a,a,a,a,a,a,a,b,c,a,a,b,a,a,b,b,a,a,a,a,a,c,b,a,b,a,a,a,a,a,b,c,a,a,b,a,a,b,a,a,a,a,a,a,a,a,a,a,b,a,a,a,a,a,c,a,a,a,a,a,a,a,a,a,a,a,a,b,b,a,a,a,a,a,a,b,a,c,a,a,b,b,a,b,a,b,a,a,a,a,a,a
34,a,a,a,a,a,b,b,a,a,a,b,b,a,a,a,b,b,b,b,b,a,b,b,a,a,b,a,b,a,a,b,b,a,b,a,a,a,a,a,a,a,a,b,a,b,a,a,b,a,a,a,a,a,a,b,b,a,b,a,a,a,a,a,a,a,a,b,a,b,b,b,a,b,b,b,a,a,b,b,a,b,a,b,a,a,a,a,b,a,b,a,b,a,b,b,a,b,a,a,a
38,a,a,a,a,a,a,a,a,a,a,a,a,a,a,a,a,a,a,a,a,a,a,a,a,a,a,a,a,a,a,a,a,a,a,a,a,a,a,a,a,a,a,a,a,a,a,a,a,a,a,a,a,a,a,a,a,a,a,a,a,a,a,a,a,a,a,a,a,a,a,a,a,a,a,a,a,a,a,a,a,a,a,a,a,a,a,a,a,a,a,a,a,a,a,a,a,a,a,a,a
43,b,b,a,b,c,c,b,a,a,a,b,a,a,b,a,a,b,a,b,a,b,b,a,b,b,b,a,c,a,c,a,b,a,b,c,b,b,c,c,b,c,a,a,c,c,a,a,c,b,a,b,c,a,a,a,c,b,a,c,b,c,c,b,a,b,b,b,a,b,c,c,c,b,b,b,a,a,a,c,c,a,a,b,a,a,b,a,c,c,b,a,c,c,b,a,b,a,a,c,a
44,a,a,a,a,a,a,a,a,b,b,a,b,a,a,c,b,b,c,a,a,a,a,a,a,a,a,b,b,a,a,b,b,a,a,b,a,a,a,a,b,a,a,a,a,a,b,a,a,a,a,a,a,b,a,b,b,a,a,b,a,a,a,b,a,b,a,b,a,a,a,a,a,a,a,a,b,a,b,a,a,b,a,a,b,a,a,b,a,a,b,a,a,b,a,b,a,a,b,b,a
49,b,c,c,a,c,c,a,c,a,a,a,b,c,c,c,c,c,b,b,c,c,c,c,c,c,c,b,c,c,a,c,c,c,c,c,c,b,c,c,b,b,c,c,c,c,c,c,c,c,c,c,c,c,c,b,c,c,c,c,b,c,a,c,c,c,c,c,a,c,c,c,c,c,a,b,a,c,b,c,a,a,b,b,c,c,c,c,b,c,c,a,a,c,a,b,c,c,c,a,b
50,a,b,c,a,a,b,c,a,a,a,a,c,a,a,a,a,b,a,a,c,a,a,c,a,a,a,a,a,a,b,a,b,a,b,c,a,b,c,a,a,b,b,c,b,b,b,b,b,b,b,a,a,a,b,c,b,a,a,b,c,b,b,c,a,a,a,a,c,a,b,a,b,b,a,b,a,b,a,a,c,a,a,b,a,c,b,a,c,b,a,c,a,c,a,a,a,a,c,a,a
53,c,c,b,c,c,a,c,c,c,c,c,c,b,b,c,b,b,c,b,a,c,c,a,c,c,a,c,b,c,a,c,b,c,c,c,a,c,a,b,c,c,c,c,a,c,a,c,b,a,c,c,c,b,c,a,c,c,c,c,b,b,c,a,b,c,b,b,c,c,b,c,a,b,c,b,c,c,b,c,c,b,a,c,c,c,c,c,a,c,c,a,c,c,a,b,a,c,b,b,b
56,c,a,b,b,a,c,b,b,b,a,c,a,b,c,a,c,c,c,b,c,b,b,b,c,c,b,b,a,b,b,c,a,b,b,c,b,c,b,a,c,b,c,c,a,b,a,a,b,a,a,b,b,a,c,b,b,b,a,b,b,b,a,b,b,b,c,c,b,c,c,a,c,b,a,b,b,b,b,c,b,c,a,a,b,a,c,c,c,a,c,a,b,c,b,b,b,a,b,a,b
58,b,c,b,c,b,c,b,b,b,b,b,b,c,b,b,a,b,b,c,a,b,b,b,b,b,c,c,b,b,b,b,c,c,c,b,b,b,b,c,b,a,b,b,b,c,b,c,b,b,b,b,b,b,b,b,c,b,a,b,b,b,b,b,a,b,b,b,b,b,c,b,b,b,b,c,b,b,b,b,b,b,b,b,b,b,b,b,c,b,b,b,b,a,b,b,c,a,c,b,b
61,b,a,b,b,b,c,a,c,b,c,c,b,b,c,a,c,a,b,a,a,b,a,a,a,b,a,a,b,b,b,a,b,a,b,a,b,a,c,b,c,c,c,c,c,b,a,c,a,a,a,a,b,a,a,a,b,a,a,a,a,a,c,a,b,a,a,a,a,c,b,a,b,a,b,a,b,b,a,a,a,a,b,b,b,a,b,b,a,c,a,a,a,b,a,a,b,b,b,a,c
63,a,a,a,a,a,a,a,a,a,a,a,a,a,a,a,a,a,a,a,a,b,a,c,a,a,c,a,a,a,a,a,a,a,a,a,b,b,a,a,a,a,b,a,c,a,a,b,b,a,b,a,a,b,c,b,a,c,a,a,a,a,b,a,a,a,a,a,a,a,a,a,a,a,a,a,a,b,a,c,c,a,a,a,a,a,b,b,a,a,a,b,a,a,c,c,c,a,c,a,a
70,b,a,c,c,b,b,c,b,a,a,a,a,a,c,a,a,a,c,a,b,c,b,b,a,c,a,a,c,a,a,c,c,a,a,a,a,a,c,c,b,c,b,a,c,b,b,b,c,c,a,b,a,c,a,a,a,c,a,a,b,c,c,a,a,b,c,c,a,a,b,c,a,a,a,c,a,b,c,a,a,a,a,c,a,a,a,b,a,a,a,a,a,a,c,a,a,b,b,b,c
72,b,a,c,b,a,b,a,b,a,a,a,a,a,a,a,a,b,b,a,b,b,a,a,a,a,a,a,c,a,b,a,a,b,a,b,a,a,a,a,a,a,a,a,a,a,a,a,a,b,b,a,a,a,b,a,c,a,a,a,a,a,a,a,a,a,a,c,a,a,a,b,a,a,b,a,b,c,a,b,b,a,a,a,a,a,b,a,b,a,a,b,a,a,c,a,a,b,b,a,a
74,b,b,c,a,c,b,b,a,b,c,c,c,a,c,b,b,a,a,a,b,a,b,c,a,b,c,b,c,a,a,a,b,b,b,a,a,c,c,b,c,b,b,c,b,c,b,b,b,a,a,b,b,c,c,a,b,c,b,b,a,b,a,c,a,a,b,b,c,c,a,b,a,a,a,a,c,c,b,a,b,c,a,b,c,b,a,b,a,a,b,a,b,c,b,b,b,b,c,a,a
76,c,b,c,c,c,c,c,c,c,c,b,c,c,c,c,c,c,b,c,c,b,c,c,b,b,c,c,b,c,c,c,c,c,c,c,c,b,b,c,c,c,c,c,b,c,c,b,c,c,b,c,b,c,b,b,c,c,c,c,c,c,c,c,b,b,c,c,c,c,b,c,c,c,b,c,c,b,c,c,c,c,b,b,b,b,c,c,b,b,c,c,c,b,b,c,c,c,c,c,c
78,a,a,c,a,c,a,c,b,c,a,a,b,a,c,c,c,c,b,c,a,a,b,c,a,c,c,c,c,a,a,c,c,b,b,b,c,a,c,a,c,b,a,a,c,b,c,a,a,b,a,b,a,c,b,b,b,a,b,c,c,b,b,a,c,c,a,a,b,a,b,c,a,b,b,b,a,a,b,b,c,b,b,c,a,c,b,b,b,b,b,b,c,c,a,b,a,c,a,a,a
82,c,b,b,c,c,c,b,b,c,a,c,c,b,c,c,c,c,a,c,c,c,c,b,c,c,a,a,b,a,c,a,b,c,b,c,c,c,c,b,c,c,c,c,c,c,c,c,b,b,c,c,c,c,b,c,b,b,c,c,c,c,c,a,c,b,b,c,a,b,c,a,c,a,c,b,c,c,a,a,c,c,c,b,b,c,c,b,c,c,b,c,a,a,b,c,b,c,c,c,c
86,a,a,a,b,a,a,a,a,b,a,a,b,b,a,a,a,a,a,b,a,a,a,a,c,a,c,a,b,b,c,a,b,b,b,a,a,a,c,a,a,a,b,b,b,a,a,a,a,a,a,b,b,a,b,a,b,b,c,a,b,a,a,b,a,a,c,b,b,b,a,a,a,a,b,a,a,b,a,b,b,b,a,b,b,a,b,a,a,a,b,a,a,a,c,a,a,a,b,a,b
89,a,a,b,b,b,c,a,a,c,a,c,a,c,a,c,a,a,a,b,a,a,a,a,a,a,b,a,a,c,c,c,a,a,a,a,b,b,a,c,c,a,a,a,b,a,b,a,a,a,a,b,a,a,b,a,c,b,a,c,c,b,c,b,b,b,a,a,a,a,a,a,a,b,a,b,c,b,b,a,c,a,b,a,b,b,a,c,a,c,a,c,c,b,c,a,a,a,b,c,b
94,b,b,b,a,a,a,a,b,a,a,a,a,a,b,b,c,a,b,b,a,c,a,c,a,a,b,b,b,a,a,c,b,b,b,a,b,a,a,a,c,a,b,a,b,a,b,b,b,b,b,b,a,b,a,b,a,a,b,a,a,b,b,b,b,a,a,b,a,a,a,b,a,a,a,b,a,b,b,b,b,b,a,b,a,a,b,b,c,b,a,a,a,c,b,a,a,b,a,a,a
96,a,b,c,b,c,a,b,b,c,b,a,c,b,b,a,a,a,a,a,c,b,c,c,c,b,a,a,a,c,b,b,c,c,c,b,a,a,c,b,c,a,c,c,c,c,a,c,a,b,c,c,b,c,c,c,b,b,b,a,a,c,a,a,c,b,b,c,b,a,c,b,b,c,b,c,b,b,b,c,c,a,b,a,c,c,a,c,c,c,b,a,b,b,c,c,b,b,b,a,a
98,b,a,a,a,a,a,b,a,b,b,a,b,b,a,a,b,b,a,b,a,b,a,a,a,b,a,a,a,b,a,a,c,a,a,b,c,b,a,a,a,a,a,a,b,a,b,c,a,b,a,b,b,a,b,a,a,a,a,a,a,b,a,a,b,a,a,a,b,a,a,b,c,a,a,a,b,b,a,b,a,a,c,b,a,a,a,a,a,b,a,c,a,a,a,b,a,a,a,b,a
106,b,a,a,c,c,c,a,b,b,a,b,b,a,a,b,a,c,c,a,a,b,b,a,a,b,c,b,c,a,b,b,a,b,c,b,c,b,b,c,b,a,b,a,a,c,b,b,b,c,a,c,b,b,b,c,a,b,a,a,b,a,b,b,b,a,b,a,a,c,a,b,b,b,b,a,c,b,b,c,a,a,a,a,b,a,c,b,b,a,c,a,a,b,c,c,b,a,b,c,a
109,a,a,b,a,c,b,a,a,b,a,a,a,a,a,a,a,b,a,a,a,a,b,a,a,b,b,a,a,c,a,a,b,b,a,a,b,b,c,c,a,a,b,a,a,a,c,a,b,a,a,a,a,b,b,b,a,a,b,a,a,a,c,a,a,b,b,b,a,b,a,a,b,a,a,a,b,a,b,a,a,c,b,b,b,c,a,a,b,a,b,b,b,a,a,c,b,a,b,a,b
115,b,a,b,c,c,b,a,a,c,a,b,b,a,c,c,c,a,a,c,a,c,a,c,a,c,c,b,b,a,c,b,b,b,b,a,a,c,c,c,b,a,b,a,c,a,c,c,a,c,a,c,b,b,c,c,a,c,c,a,c,c,c,a,b,c,a,a,c,b,c,c,c,b,a,c,c,b,c,c,a,c,c,b,c,a,c,b,b,c,c,c,c,c,c,b,c,b,c,c,c
118,a,c,c,a,a,c,c,a,b,b,c,a,c,c,c,b,b,b,c,a,c,c,b,c,a,b,c,b,a,a,b,b,c,b,c,a,a,c,c,a,a,b,a,a,c,b,c,b,b,c,c,a,a,c,c,c,c,a,b,c,c,c,a,c,a,c,a,a,b,c,a,c,c,a,c,c,c,a,b,b,a,b,c,c,a,b,c,c,b,c,c,b,c,c,b,a,a,c,c,c
121,a,a,a,a,a,a,a,a,a,a,a,a,a,a,a,a,a,a,a,a,a,c,a,b,a,a,a,a,a,a,b,a,a,a,a,a,a,a,c,a,b,a,a,a,a,a,a,a,a,c,a,a,a,a,a,a,b,b,a,b,a,b,a,b,a,a,a,a,a,a,a,a,a,a,a,a,a,a,b,a,a,a,a,a,a,a,a,a,a,a,a,a,a,a,a,a,a,b,a,a
123,c,c,a,c,a,c,c,c,c,a,b,b,a,c,c,b,c,c,c,b,a,a,c,b,c,b,c,c,c,b,c,b,b,c,b,b,c,c,c,c,c,b,a,c,a,b,b,b,b,c,c,c,b,c,b,c,c,b,c,c,c,c,b,a,c,c,b,c,c,c,c,b,a,c,c,b,c,b,b,c,b,c,a,c,c,b,c,c,c,c,b,c,c,b,c,c,b,a,b,c
130,c,b,b,b,c,a,b,c,c,a,b,a,b,c,a,c,b,b,a,b,c,c,a,c,a,b,b,b,a,c,c,b,b,c,c,c,a,c,c,a,b,c,a,c,b,a,b,b,b,a,a,c,a,b,a,c,c,a,a,c,a,c,a,b,a,c,c,b,c,c,c,c,c,b,c,b,a,c,c,a,c,a,c,b,c,b,b,b,b,b,b,a,b,c,b,b,b,c,c,a
132,c,c,b,b,c,c,c,b,a,c,c,b,b,a,a,a,a,a,a,c,b,c,c,c,c,b,b,a,c,a,c,b,b,c,c,b,a,c,b,b,a,a,c,b,a,c,a,a,c,c,a,b,c,b,b,a,b,b,b,b,c,c,a,b,b,b,c,b,b,a,a,c,c,c,b,b,b,b,a,c,c,c,b,b,b,b,c,a,b,b,c,c,b,b,c,a,b,b,c,a
135,b,c,c,c,c,c,b,c,c,c,c,c,c,c,c,c,c,c,c,c,c,c,c,b,c,c,c,c,c,c,c,c,c,c,c,a,c,c,c,c,c,b,c,c,c,c,c,c,c,c,c,c,c,c,b,b,c,c,c,b,c,c,c,c,b,c,c,c,c,b,b,c,c,c,c,c,c,c,c,c,c,c,c,c,c,c,b,c,c,b,c,c,c,c,c,b,c,c,c,c
139,b,a,c,b,b,b,a,b,b,c,b,c,a,c,b,b,a,a,b,c,c,b,b,c,a,c,b,a,c,c,b,b,b,c,b,a,b,a,a,c,a,b,a,a,a,c,b,c,c,b,b,a,c,b,c,a,c,a,b,b,b,c,b,a,a,c,c,b,a,c,b,a,a,a,a,b,a,b,b,a,a,b,a,c,c,b,c,b,b,b,a,b,b,c,a,c,c,a,b,a
153,b,b,b,b,b,a,c,a,c,c,b,c,a,b,c,a,b,a,b,a,b,c,a,a,a,b,b,c,b,c,b,c,c,b,b,b,a,b,b,a,a,a,c,a,a,b,a,a,a,c,b,c,c,b,a,b,c,b,a,a,b,b,a,b,a,b,b,a,c,b,a,b,b,c,a,c,b,b,b,a,b,b,b,b,c,b,c,a,b,c,b,b,c,b,a,a,b,c,b,b
158,c,b,a,a,a,b,b,a,a,a,c,b,c,b,c,c,a,a,a,c,b,c,a,a,b,c,c,b,a,b,b,c,b,b,c,c,b,b,c,a,a,c,a,a,c,b,c,a,a,c,b,a,a,b,a,b,b,c,a,a,c,a,c,a,a,c,b,b,a,c,b,b,c,b,b,c,b,b,b,c,b,a,b,b,b,c,a,a,a,a,b,c,b,b,a,b,a,b,a,a
166,a,a,a,b,b,c,c,a,b,a,b,a,a,a,a,c,a,b,a,a,a,a,b,a,b,b,c,a,a,a,c,a,a,a,a,b,c,b,c,a,c,a,a,c,b,a,a,b,b,b,a,a,a,b,b,a,a,b,a,a,a,b,b,a,c,a,a,b,a,a,a,c,a,a,a,a,c,b,a,b,a,b,c,a,c,b,a,c,a,a,b,a,b,c,b,c,a,a,b,b
192,c,b,a,b,a,a,a,a,b,a,a,a,a,c,a,a,a,b,b,a,a,b,b,a,b,b,b,a,b,b,b,a,a,a,b,b,b,a,b,b,b,b,a,a,a,b,b,a,b,b,a,a,c,a,a,a,a,a,c,a,a,c,b,a,b,a,b,a,c,a,b,a,b,b,b,a,b,b,a,a,a,a,c,c,b,a,b,a,a,a,a,a,b,b,a,b,a,a,b,b
193,b,b,b,c,b,b,b,a,a,b,c,a,c,a,a,c,a,b,b,b,c,b,b,b,c,b,b,b,a,c,c,c,c,b,a,c,c,c,c,c,a,a,a,c,c,c,c,c,c,b,b,c,c,b,a,c,a,b,c,b,c,b,a,a,a,c,a,c,b,b,c,c,c,b,a,c,c,c,b,a,b,b,b,c,a,b,a,a,b,c,c,b,a,b,b,b,a,b,c,c
194,a,b,a,b,b,b,b,b,b,a,a,b,c,a,b,b,b,b,b,a,b,a,b,c,b,a,a,b,c,c,a,a,b,c,b,b,b,b,b,a,b,c,a,b,a,c,a,c,b,b,a,c,c,a,a,b,b,b,a,a,c,c,b,a,a,c,a,c,b,a,a,a,c,b,b,b,b,c,b,c,b,a,c,a,c,a,a,c,a,b,a,c,b,a,b,b,b,b,c,a
195,b,a,a,a,b,a,a,a,a,b,a,b,a,a,a,a,b,a,a,a,a,b,b,b,a,b,a,a,a,a,b,b,b,a,b,a,a,b,a,a,a,a,a,b,c,a,a,a,a,b,a,a,a,a,a,a,b,a,a,a,b,a,b,a,b,a,b,b,a,a,a,a,a,a,b,a,b,b,a,a,a,a,b,a,b,a,a,b,b,a,b,b,a,b,a,a,a,a,b,b
197,b,a,c,a,b,a,a,a,b,b,a,a,a,a,a,b,a,a,a,a,b,b,a,a,b,b,c,a,a,a,a,b,b,a,a,a,a,a,a,a,a,a,b,a,a,a,b,a,b,b,a,a,a,a,a,a,a,b,b,a,a,a,a,a,a,b,a,b,b,a,a,b,a,a,a,a,a,a,a,a,a,a,a,a,a,a,a,b,a,a,b,a,a,a,a,b,a,a,a,a
201,c,a,c,b,c,b,a,c,c,c,b,c,c,a,a,a,a,a,c,c,c,c,c,c,a,c,b,c,b,c,c,a,c,b,c,a,c,a,b,a,b,a,a,c,b,c,a,b,c,a,c,b,c,c,c,c,c,b,b,a,b,b,c,c,c,a,c,c,b,c,c,b,c,c,b,a,b,b,c,c,c,a,c,a,a,b,a,c,b,a,a,b,b,b,c,c,c,c,c,b
204,a,a,b,c,b,b,c,a,b,c,b,c,b,a,a,a,c,b,b,b,c,a,b,b,c,c,a,a,c,c,a,b,a,a,a,a,c,c,c,b,a,b,c,a,c,c,c,c,a,a,a,c,b,b,b,a,a,a,c,a,a,a,c,c,a,c,c,a,c,a,c,b,c,c,c,c,c,c,a,a,a,b,b,c,c,a,b,b,c,b,c,c,a,c,c,b,c,c,c,b
206,c,c,b,a,a,b,b,b,c,c,a,b,a,a,a,c,b,b,c,c,c,b,c,c,c,c,b,c,b,b,b,b,b,b,c,c,c,c,a,b,c,a,c,c,a,c,b,a,b,c,a,c,a,c,b,a,c,c,c,a,a,a,c,b,b,a,a,c,c,b,b,c,b,b,a,c,b,c,b,b,a,c,a,b,b,c,b,b,a,b,a,c,a,b,c,a,b,b,b,c
207,a,a,b,a,b,a,c,a,b,a,a,a,a,a,a,a,a,a,b,a,b,a,a,b,b,a,a,a,a,a,a,a,b,b,a,a,a,a,a,a,a,a,a,a,a,a,a,b,a,a,b,b,a,a,a,a,b,a,b,b,a,b,a,b,a,a,b,a,a,b,a,a,b,a,a,b,b,a,a,a,a,b,a,a,b,a,a,a,b,b,a,b,a,a,a,a,a,a,a,a
209,c,b,a,a,a,a,a,a,a,a,a,c,a,a,a,a,a,a,a,a,a,a,b,c,a,a,a,a,a,a,a,a,a,a,a,a,a,a,a,c,a,a,a,a,a,a,a,a,a,a,a,a,a,a,b,a,a,a,a,a,b,a,a,a,a,a,a,a,b,a,a,a,a,a,a,a,a,a,a,a,a,a,a,b,a,a,a,a,b,a,a,a,a,a,a,a,a,c,a,a
211,b,b,c,c,c,b,b,b,b,c,b,a,b,b,b,b,b,c,b,b,b,b,c,b,b,b,c,b,c,a,c,a,c,b,b,b,b,b,c,b,a,b,b,b,b,c,b,b,b,b,b,b,b,b,b,b,b,b,b,b,b,b,b,b,c,b,b,c,b,b,b,b,b,b,b,c,b,b,b,b,b,b,c,b,b,b,c,b,a,b,b,c,c,b,b,b,b,b,b,c
220,a,b,c,a,c,a,c,b,a,a,b,c,c,c,b,b,a,c,a,a,a,b,a,b,a,a,b,a,b,b,a,b,b,c,a,b,a,b,b,b,a,b,c,c,b,b,b,a,c,b,c,b,a,a,c,a,a,c,a,b,c,a,c,a,b,a,b,b,a,b,a,a,b,a,a,a,b,b,a,c,a,c,c,a,c,b,a,a,c,a,c,a,b,b,c,a,a,a,b,c
221,a,a,a,a,a,a,a,a,a,a,a,a,b,a,a,a,a,a,a,a,a,a,b,a,a,a,a,b,b,a,a,a,a,a,a,a,a,a,a,a,a,b,a,a,a,a,a,a,a,a,b,a,a,b,a,a,a,b,b,a,a,a,a,a,a,a,a,b,a,a,b,a,a,a,a,a,a,a,c,a,a,a,a,a,a,a,b,b,a,a,a,a,a,a,a,a,a,a,a,a
222,c,b,b,c,c,a,a,a,a,a,a,a,c,a,c,c,a,a,a,b,b,a,a,c,c,a,a,c,a,c,a,b,c,c,a,a,a,c,b,c,c,b,b,b,b,b,a,a,c,b,a,c,b,c,a,a,b,a,a,a,a,a,b,b,c,b,a,b,a,a,b,a,b,c,c,a,a,b,c,b,c,b,a,c,a,b,a,a,c,a,a,a,b,c,b,b,b,b,a,b
225,b,c,b,a,b,c,b,c,c,c,c,b,c,c,b,b,a,b,a,c,c,a,c,b,c,c,c,c,c,b,c,a,c,b,c,c,c,b,c,a,c,b,c,c,b,a,c,c,a,c,b,b,c,b,b,a,c,c,c,c,a,b,b,c,c,a,b,a,c,c,c,c,c,b,a,c,b,b,c,c,c,c,c,a,c,c,b,c,c,c,b,a,c,c,a,a,a,c,c,a
229,c,c,a,a,b,b,c,b,a,a,c,c,c,c,c,a,b,c,c,c,b,b,c,c,b,b,a,c,a,a,a,b,c,c,c,b,c,c,b,b,a,c,c,c,b,a,b,c,c,c,b,c,b,a,c,a,b,c,b,b,a,c,b,a,c,a,c,b,b,b,c,c,c,a,b,c,a,b,b,a,b,a,b,c,c,c,b,c,c,c,b,c,c,c,a,b,b,a,a,b
232,a,b,a,a,b,a,a,a,a,b,a,a,b,a,a,a,a,b,b,c,b,a,a,a,a,a,b,a,a,c,c,a,a,c,a,b,a,a,b,b,a,b,a,a,a,b,a,a,b,a,a,b,a,a,a,c,c,b,c,a,a,c,a,a,a,b,a,a,a,a,b,a,b,a,a,a,a,b,a,a,b,a,a,a,b,a,b,b,b,a,a,a,b,a,b,b,b,a,a,a
239,b,b,b,b,c,b,c,b,b,b,b,c,b,b,b,c,b,b,b,b,b,b,b,b,b,c,c,c,c,c,b,c,c,c,c,b,c,b,c,c,c,b,b,b,c,b,b,b,c,b,c,b,c,b,b,c,b,b,c,c,c,b,c,c,b,b,c,b,b,b,b,c,c,b,c,b,b,b,b,c,c,c,b,b,c,b,b,b,c,c,b,b,b,c,b,c,b,b,b,b
241,a,a,a,a,a,a,a,a,a,a,a,a,a,a,a,a,a,a,a,a,a,a,a,a,a,a,a,a,a,a,a,a,a,a,a,a,a,a,c,a,a,a,a,a,a,a,a,a,a,a,a,a,a,a,a,a,a,a,a,a,a,a,a,a,a,a,a,a,a,a,a,a,a,a,a,a,a,a,a,a,a,a,a,a,a,a,a,a,a,a,a,a,a,a,a,a,a,a,a,a
243,a,a,a,a,a,a,a,a,b,a,a,b,b,a,a,b,a,a,b,a,c,a,b,a,b,a,a,a,a,a,a,a,a,a,a,b,a,a,b,b,b,b,a,b,a,a,b,b,b,a,b,b,a,b,a,a,a,a,b,b,b,a,a,a,b,a,a,a,a,b,a,b,b,a,a,b,a,b,a,a,a,a,b,a,a,a,a,a,a,b,a,a,a,a,b,b,a,b,b,a
246,c,b,b,c,c,a,b,b,c,b,c,c,c,c,c,c,c,c,b,c,c,c,c,b,c,c,b,b,c,b,c,c,c,c,c,c,c,c,c,c,c,c,c,c,c,c,c,c,b,a,c,c,c,a,a,c,c,c,c,c,c,c,b,b,c,c,b,c,b,c,c,a,c,c,b,c,c,c,c,c,b,c,c,c,b,c,a,c,a,b,c,c,b,b,a,c,c,c,c,c
256,c,b,b,b,a,a,b,b,b,b,a,a,b,a,c,b,b,a,a,c,b,b,b,b,b,b,c,c,c,a,b,b,c,b,b,b,b,a,a,a,a,c,b,b,b,a,a,a,b,c,b,c,b,c,b,a,c,b,b,b,b,b,b,b,c,c,b,c,a,b,b,b,b,a,b,b,b,a,a,b,b,b,b,c,b,c,c,b,c,b,b,b,a,b,c,c,b,a,b,b
257,a,a,a,b,a,b,b,a,a,a,b,a,b,a,a,a,b,b,a,a,c,a,b,a,a,a,b,a,a,a,a,b,b,b,b,b,c,c,a,a,b,a,b,b,b,b,a,b,c,a,a,b,b,a,b,b,b,a,b,a,c,c,b,a,b,b,a,c,a,b,a,b,b,b,a,b,a,b,b,a,a,c,a,b,b,a,b,b,b,b,a,b,a,a,c,b,b,b,b,b
267,c,a,c,b,c,b,a,c,c,a,a,c,c,a,c,c,c,b,c,a,a,c,a,c,b,b,a,a,c,a,c,c,c,c,c,c,b,c,c,b,c,c,b,c,c,c,b,a,c,c,b,c,a,c,c,a,c,a,a,c,a,c,c,b,b,c,b,a,c,c,a,b,c,c,a,b,c,b,c,b,a,a,c,a,a,a,a,c,c,b,c,a,c,a,c,a,a,c,a,c
274,c,a,a,a,c,a,a,c,a,b,a,a,a,a,b,b,a,a,c,b,a,b,b,a,a,b,b,b,a,b,b,a,b,a,b,a,a,b,a,b,b,b,a,c,a,b,b,a,a,a,b,b,a,b,b,a,b,a,a,c,c,c,b,a,a,a,a,b,b,b,b,a,b,a,a,a,b,c,a,c,a,a,b,a,a,b,c,a,a,b,a,a,b,b,a,a,b,a,a,b
275,c,c,b,c,c,c,b,c,c,c,c,c,b,a,c,c,b,b,c,c,c,a,c,c,c,b,b,a,c,c,b,c,b,a,c,c,c,c,b,a,c,a,c,c,c,b,c,c,c,c,c,c,c,c,b,b,c,a,c,c,c,b,c,a,c,c,c,c,c,c,c,c,c,a,c,c,a,c,a,b,c,c,c,a,c,c,b,a,c,c,c,b,c,b,c,b,c,a,c,c
276,c,b,a,c,a,a,a,a,a,c,b,a,a,a,a,a,a,b,a,a,b,a,a,c,a,a,b,b,a,a,b,c,c,c,b,a,b,c,a,a,b,a,c,c,a,a,a,c,c,b,b,a,b,a,b,a,b,a,c,a,a,c,a,b,c,c,a,a,c,a,c,b,a,b,a,b,c,a,a,b,a,b,a,b,b,b,b,a,c,a,a,a,c,b,b,b,a,a,a,c
279,b,a,a,b,b,b,b,a,b,b,a,b,a,c,a,b,a,b,a,b,b,b,b,b,a,a,b,c,a,b,a,b,b,a,b,a,a,a,a,a,b,b,a,b,a,a,c,a,c,b,c,a,c,a,a,c,a,a,a,b,b,b,b,b,a,b,a,a,b,c,a,a,c,b,a,c,b,a,a,a,a,c,c,a,b,a,a,a,c,b,a,a,a,b,a,b,a,a,a,b
283,c,a,a,a,a,a,a,b,a,b,b,a,a,a,b,a,a,a,a,b,c,b,b,b,a,b,b,a,b,c,a,c,c,a,b,c,a,c,c,a,b,a,b,a,b,c,b,a,a,b,b,b,c,b,b,a,a,b,b,b,b,b,a,a,a,a,c,a,a,a,c,b,c,b,b,a,a,a,b,a,b,a,b,c,a,a,a,a,b,a,b,a,b,a,b,a,b,b,a,a
285,a,a,b,a,a,c,a,c,a,a,b,c,a,a,a,b,c,b,b,b,b,a,a,a,b,b,a,b,a,a,a,a,a,a,b,b,a,b,c,b,b,b,c,a,a,b,c,b,b,c,b,b,a,c,a,a,b,b,a,a,b,c,c,b,b,c,b,b,a,a,b,a,c,b,a,a,b,a,a,c,c,a,a,b,a,b,a,b,b,c,b,b,a,b,b,a,c,a,a,a
286,a,a,a,a,a,a,a,a,a,a,b,a,b,b,a,a,a,a,c,a,a,a,b,a,c,a,b,a,b,b,b,a,a,a,a,a,a,a,a,a,a,b,b,b,a,b,b,b,b,a,c,b,a,a,a,a,a,a,a,a,a,a,a,c,a,a,b,a,a,a,a,a,a,a,a,a,a,a,a,a,a,a,b,a,a,a,c,a,b,b,b,b,a,a,b,a,a,a,c,a
290,c,c,c,b,b,a,a,b,b,b,a,c,b,b,b,a,c,a,b,b,b,b,a,b,b,b,b,c,b,b,a,a,a,a,a,b,c,c,b,a,b,b,c,b,c,a,c,c,c,a,b,a,b,a,b,b,a,b,a,a,b,a,a,a,b,c,c,b,a,b,a,b,a,c,a,b,c,c,b,c,a,b,a,b,b,a,a,c,b,a,b,a,a,c,a,a,a,b,b,b
291,a,a,b,a,a,a,a,a,b,a,a,a,a,c,a,a,a,b,a,a,a,b,a,a,b,a,a,a,a,a,c,a,a,a,a,a,a,a,a,b,a,a,a,a,a,b,a,a,c,b,c,a,a,a,a,a,a,a,c,a,a,a,c,a,a,a,a,a,a,a,a,a,a,b,b,a,a,a,a,c,a,a,a,a,a,a,a,a,a,a,a,a,a,a,a,a,a,a,a,a
292,b,a,a,a,c,b,c,a,a,c,b,b,b,b,a,c,a,c,a,b,c,a,b,a,c,a,b,c,a,b,c,b,a,a,a,c,b,c,c,b,a,a,a,c,a,a,c,c,a,c,a,a,b,c,c,b,c,c,c,b,c,c,c,c,b,a,a,c,c,b,a,a,b,a,b,c,c,a,b,c,c,b,a,b,b,a,c,a,c,a,c,b,a,a,c,a,b,b,a,c
302,a,b,b,a,b,a,a,b,b,b,a,b,a,b,c,a,a,a,a,b,a,a,a,a,b,b,b,b,b,a,a,a,b,a,b,b,a,b,b,a,b,b,b,b,a,a,a,b,b,b,b,b,b,b,a,c,c,b,b,a,b,b,a,b,a,b,b,b,b,b,a,b,c,b,c,b,a,b,a,a,b,b,a,b,a,a,a,b,a,a,a,b,a,b,b,b,b,b,b,b
305,b,b,b,b,b,b,a,b,a,c,b,b,a,b,b,b,b,b,b,b,a,b,a,b,b,b,b,b,c,a,b,c,a,a,a,a,b,b,a,a,a,a,b,b,c,b,a,b,a,c,c,c,b,c,b,a,b,b,c,b,b,b,a,a,c,c,b,b,c,b,b,b,b,b,a,b,b,a,b,b,b,b,b,b,b,a,a,a,b,b,c,a,b,a,a,b,b,b,b,b
307,b,a,a,b,a,b,a,a,a,a,a,a,a,a,c,a,a,a,c,c,c,a,b,a,c,a,a,c,b,a,a,a,a,a,b,b,b,b,b,b,c,b,b,b,a,b,a,b,b,a,a,c,b,b,b,a,c,c,c,a,a,b,a,a,a,a,a,b,b,c,a,b,b,a,b,c,b,b,a,a,b,b,a,b,c,b,b,a,a,b,b,a,a,a,b,a,b,c,b,a
309,a,a,c,b,b,a,b,c,c,a,a,a,b,c,a,a,a,a,a,c,a,b,a,a,c,a,c,a,a,b,a,c,a,a,a,a,c,a,a,a,a,b,b,c,a,a,b,b,a,a,b,a,a,a,a,a,a,b,b,a,c,c,b,b,b,a,b,a,a,a,a,b,a,a,a,b,a,a,c,b,b,b,a,b,c,a,b,b,a,b,b,a,b,a,a,b,b,a,b,a
310,b,b,a,b,a,a,b,a,b,b,a,a,b,a,b,b,a,b,a,a,b,a,a,a,b,a,b,b,b,c,b,c,a,a,b,b,b,b,b,a,a,b,b,c,b,b,b,c,b,b,a,b,a,a,a,b,a,b,a,b,c,c,a,b,b,a,a,a,b,a,b,a,b,c,b,a,b,a,c,b,b,c,a,a,c,b,a,a,a,b,a,b,a,a,b,a,b,a,b,a
312,a,b,a,a,a,a,a,a,a,a,a,a,a,a,b,a,a,a,a,a,a,a,a,a,a,c,a,a,a,c,c,b,a,b,a,a,a,a,b,a,a,a,b,a,a,b,a,a,a,a,a,a,a,a,a,a,a,a,b,a,a,c,a,a,a,a,a,a,b,a,a,a,a,a,a,a,a,a,a,a,a,a,a,a,a,a,b,a,a,a,a,a,a,a,a,b,a,b,a,b
313,a,a,a,a,a,c,c,a,a,c,b,b,b,a,a,a,b,b,a,b,c,a,a,b,b,a,a,b,b,a,a,a,b,a,a,b,a,a,a,a,a,a,a,a,a,a,a,b,a,c,a,a,b,a,a,a,a,b,c,a,b,a,a,a,a,a,a,b,a,a,a,b,a,a,a,c,a,b,a,a,b,b,a,a,a,a,b,b,c,a,a,a,a,a,b,b,a,a,b,a
315,c,c,c,c,c,c,c,a,c,c,a,c,c,c,b,c,a,a,a,a,c,c,c,c,c,a,a,c,c,a,a,a,c,c,c,a,c,c,a,a,b,b,a,c,c,a,c,b,c,c,c,c,a,c,a,b,c,b,c,c,c,c,a,c,b,a,c,c,c,a,c,c,c,c,a,c,c,c,c,b,c,a,c,a,a,a,c,a,c,c,a,c,a,c,a,a,a,b,c,c
320,b,c,b,b,b,b,c,a,b,b,b,b,b,b,a,c,c,b,b,c,c,b,b,c,c,b,b,a,c,c,b,b,b,a,c,a,c,a,b,b,b,c,c,c,a,b,a,a,b,b,a,a,c,a,c,b,c,c,a,b,c,c,a,c,b,c,b,b,c,b,b,b,b,b,a,b,b,b,c,a,c,b,a,b,b,c,b,b,b,b,a,b,c,c,b,c,c,c,b,c
321,a,a,a,a,a,b,c,b,c,a,b,a,b,a,a,a,b,a,a,a,a,b,a,a,a,a,c,a,a,a,b,a,a,a,a,a,a,b,a,a,a,a,b,a,a,a,b,a,b,a,a,a,b,a,a,a,a,b,a,c,a,b,b,a,a,a,a,a,a,a,a,a,b,b,a,a,a,b,c,a,b,a,a,a,a,b,a,a,a,a,c,b,a,a,a,a,a,a,a,a
324,c,a,c,a,a,a,a,a,a,c,a,c,c,c,c,c,a,b,c,c,c,a,a,b,a,a,a,a,a,c,b,c,c,c,c,c,c,c,a,c,c,c,a,c,c,c,c,c,c,a,a,c,a,a,c,c,c,a,c,a,c,c,c,a,c,a,c,c,c,a,c,c,b,c,c,a,c,a,c,c,a,c,a,c,a,a,c,c,c,c,a,a,a,a,a,c,a,c,c,a
326,a,a,b,a,c,c,b,a,c,c,a,c,b,a,a,b,a,c,a,b,a,a,c,a,c,b,c,a,b,a,b,c,b,b,c,a,a,b,b,b,a,a,a,c,b,a,a,c,a,a,a,b,b,b,a,a,b,c,c,c,a,a,a,c,a,a,a,a,a,b,a,b,c,a,a,c,a,a,c,c,a,a,b,a,b,b,a,c,a,a,b,b,c,a,c,b,a,a,a,c
327,b,a,a,c,c,b,a,c,c,c,c,b,c,c,b,a,b,a,b,a,c,b,b,a,c,b,c,c,b,c,c,a,c,b,b,c,b,b,b,c,c,b,a,b,a,b,b,c,b,b,c,a,b,a,b,c,c,b,c,a,a,c,a,a,c,b,b,a,b,b,a,c,b,a,c,c,b,c,b,a,c,b,b,c,a,b,b,b,a,b,b,a,b,b,a,c,a,a,c,b
331,b,b,a,a,a,a,a,a,b,b,a,a,a,a,a,b,a,b,a,a,c,a,a,a,a,b,a,a,c,a,a,b,c,b,a,a,a,b,b,a,c,a,a,b,a,a,a,a,a,a,a,b,a,a,b,a,a,a,b,b,a,b,b,a,a,a,b,a,b,a,c,a,a,b,b,a,b,a,a,a,a,a,a,a,a,a,b,a,a,b,b,b,a,b,c,a,b,a,b,a
333,b,b,c,c,c,a,a,a,a,b,b,a,a,a,b,a,a,b,b,b,a,b,a,c,c,b,a,b,a,c,a,c,a,c,a,a,a,b,a,a,b,b,a,c,a,a,b,b,a,a,b,b,a,a,a,a,b,b,b,a,b,c,c,c,a,b,b,c,c,a,a,a,b,c,a,c,a,c,b,a,a,b,a,a,c,c,b,a,b,a,c,a,a,b,a,a,a,b,a,a
334,b,a,b,a,b,c,c,a,b,b,b,a,b,a,b,c,a,c,b,b,b,c,c,a,a,a,a,b,b,b,b,b,b,a,c,b,b,a,b,b,a,c,b,b,b,b,c,a,a,b,b,b,b,a,a,a,a,c,a,a,a,c,c,a,c,b,a,b,b,c,c,a,a,c,a,b,a,b,a,a,a,b,b,b,b,b,a,b,b,b,c,b,b,a,a,c,c,c,b,a
335,a,b,b,c,a,b,c,a,c,b,a,b,a,b,c,b,b,b,b,b,b,a,a,b,c,c,c,a,b,a,a,a,b,b,c,a,c,a,b,c,a,b,b,b,a,a,b,a,a,a,b,c,c,a,c,b,c,b,a,c,a,b,b,a,c,a,a,a,b,c,a,c,a,a,c,b,a,b,a,a,b,a,b,a,b,a,c,b,a,a,b,b,a,b,a,c,a,a,c,c
337,c,a,b,a,c,c,b,a,c,c,b,a,a,c,c,a,c,a,c,c,b,c,b,a,c,c,c,c,a,a,a,c,c,c,a,b,a,c,b,c,a,b,b,c,c,a,a,b,a,b,c,a,c,c,a,a,a,a,c,a,c,b,a,c,c,c,b,a,c,b,c,b,b,b,b,c,a,c,c,b,c,a,c,a,a,a,a,c,c,a,c,b,a,a,a,b,c,c,b,c
344,b,a,b,b,b,c,b,a,a,c,b,b,b,b,b,b,b,c,a,b,b,b,b,c,a,b,b,b,b,b,b,c,b,b,a,b,a,a,a,a,c,c,c,c,c,b,a,b,a,b,b,a,b,b,a,a,b,b,b,a,a,b,b,b,a,b,c,b,b,b,a,a,b,b,b,a,b,b,b,b,c,b,b,b,b,b,b,a,b,a,b,b,a,a,c,c,a,c,b,b
358,a,b,a,a,b,a,a,a,b,b,b,b,a,a,a,c,a,a,c,b,b,a,b,a,a,a,a,a,c,c,b,b,b,b,a,a,c,a,b,c,a,a,c,a,b,a,b,a,a,a,b,b,b,c,b,b,b,a,a,b,a,a,a,b,a,a,a,a,c,a,b,b,b,b,b,b,b,a,a,a,a,b,a,a,b,b,a,b,a,c,a,a,c,a,a,a,a,b,a,a
359,a,b,b,b,a,a,a,a,b,b,a,a,a,a,b,a,b,a,a,a,a,b,b,a,b,a,b,b,a,a,a,a,b,a,a,b,b,b,b,a,a,a,a,a,c,a,a,a,a,a,b,a,b,a,a,a,b,b,b,b,a,b,b,a,a,a,b,b,b,a,a,a,a,a,a,a,a,b,b,a,a,b,b,a,b,a,a,a,a,a,b,b,a,a,b,a,a,a,a,b
360,b,a,a,a,c,a,a,a,b,b,b,b,c,a,a,c,a,b,c,c,a,a,a,b,b,b,a,c,a,c,b,a,a,b,b,b,c,a,b,b,b,b,a,b,b,a,a,a,c,b,a,b,b,a,a,b,c,a,b,a,a,c,c,a,a,c,a,a,a,a,a,a,b,c,b,b,a,c,b,a,a,b,a,b,b,a,b,a,a,b,c,a,b,b,a,b,b,b,c,c
365,b,b,a,c,a,c,c,a,c,b,a,a,b,c,c,b,a,a,b,a,c,c,a,a,b,b,b,a,a,b,b,c,a,a,b,a,a,b,b,a,b,c,a,c,b,b,b,a,a,c,b,a,a,b,a,b,a,a,c,a,a,b,b,b,b,a,a,c,a,c,a,c,a,b,b,b,b,a,a,c,c,a,a,b,a,b,a,c,b,b,a,a,b,a,a,a,a,b,a,a
366,b,b,b,c,a,a,a,b,c,a,b,c,b,b,a,c,b,a,a,a,a,b,c,c,c,a,b,c,a,c,b,a,a,a,b,b,a,b,a,c,a,a,a,a,a,a,b,a,c,b,b,b,b,c,a,b,a,b,b,c,a,a,b,b,c,a,a,c,b,a,a,b,a,b,a,a,c,a,a,a,b,b,b,a,c,b,c,a,a,b,b,b,a,a,c,b,a,c,b,b
372,c,c,b,b,b,a,b,c,c,a,b,a,a,a,a,b,a,b,a,b,a,a,a,a,a,a,a,a,b,a,c,c,a,b,c,c,c,c,c,c,a,c,a,a,c,a,a,a,c,c,a,a,a,b,a,a,c,c,a,c,a,a,b,a,b,a,b,a,b,b,b,a,a,b,a,c,c,b,b,a,a,a,c,b,b,c,b,a,a,a,b,a,c,c,c,a,b,b,a,c
374,c,b,b,c,c,a,c,c,c,a,b,a,c,b,a,b,c,c,c,b,a,a,a,a,c,a,a,c,b,a,c,b,a,b,b,b,a,c,b,c,a,c,c,c,c,a,a,c,c,b,b,a,b,b,c,b,b,c,c,c,a,a,a,b,b,c,b,c,b,b,b,b,a,c,a,c,b,c,c,c,b,c,c,c,c,b,b,b,b,c,c,a,c,c,c,a,c,b,b,b
376,a,a,c,a,a,b,a,c,b,a,b,a,c,a,a,b,a,a,b,b,a,a,a,b,a,a,a,a,b,a,a,a,a,a,c,a,c,c,a,a,a,a,b,a,b,a,b,a,a,b,c,b,b,a,a,b,a,b,b,a,a,a,b,a,b,a,a,b,b,a,a,b,b,a,a,b,c,b,a,c,a,a,a,c,a,a,b,a,a,b,c,b,b,a,a,a,a,a,a,a
377,a,a,b,a,b,a,a,a,a,c,b,b,a,b,a,a,b,b,b,b,b,c,a,c,a,a,a,a,b,c,a,a,a,a,c,a,a,c,c,b,c,b,a,a,a,a,b,a,a,b,a,b,a,b,b,b,a,a,b,a,a,a,c,a,a,c,b,a,a,a,b,a,b,b,a,b,b,a,b,b,b,c,a,c,b,b,a,a,c,b,b,b,a,b,a,a,b,a,b,b
378,c,c,c,a,b,b,b,c,c,c,b,b,c,c,b,a,a,c,c,c,b,b,b,b,b,b,c,a,b,c,c,c,b,c,a,b,a,b,b,c,c,c,b,c,c,c,b,b,b,c,b,c,c,c,b,b,c,b,b,c,c,c,c,b,c,b,c,c,a,b,c,b,c,c,c,c,c,c,c,a,b,b,b,c,c,c,b,c,a,c,b,c,b,b,c,b,b,b,c,c
380,a,a,b,b,a,b,b,b,c,a,b,b,a,b,b,b,b,b,b,b,a,b,b,a,a,a,b,a,b,a,b,a,b,a,b,a,a,a,b,a,b,b,c,b,a,a,a,b,a,b,c,b,c,a,a,b,c,a,b,b,b,a,b,a,b,a,b,b,a,a,b,a,c,b,c,b,a,a,a,b,b,c,b,b,b,a,a,b,b,b,a,a,b,b,b,a,a,b,a,a
382,a,b,c,b,c,a,b,c,c,c,a,c,c,b,b,a,c,c,b,a,c,c,c,a,c,c,a,b,a,c,b,b,b,c,c,c,b,a,a,c,c,c,a,c,c,a,c,c,a,b,c,c,b,c,c,c,c,c,a,c,c,c,c,c,c,c,c,b,c,c,b,c,b,a,a,c,a,c,b,c,c,c,a,c,b,b,c,c,a,c,c,c,c,b,b,b,c,b,b,a
387,b,b,a,b,a,a,b,a,a,a,b,b,a,b,b,a,a,b,b,a,b,a,b,b,a,c,b,a,a,b,a,a,a,a,a,c,b,b,a,c,a,a,c,a,b,a,a,b,c,c,a,a,a,a,a,b,b,a,a,b,a,b,a,c,b,a,b,b,b,b,a,c,a,c,a,b,c,b,a,b,c,b,c,a,b,a,b,b,b,a,b,b,b,b,b,b,b,b,a,a
391,b,b,b,a,b,a,c,a,a,b,a,c,b,a,b,a,a,b,a,a,c,a,b,a,b,c,a,c,b,b,a,a,b,a,a,a,b,c,a,b,b,a,b,b,a,c,c,b,a,b,a,c,b,a,a,a,a,b,c,b,a,a,a,b,b,b,a,a,b,a,b,b,b,a,a,a,a,c,a,b,b,c,a,b,b,a,a,a,b,a,a,a,a,a,b,a,b,a,b,b
392,c,c,a,c,b,c,c,c,c,a,c,c,b,a,c,a,c,c,c,c,c,b,a,a,c,c,c,c,c,c,a,c,c,a,b,b,c,c,c,c,c,a,a,c,a,c,c,b,c,c,c,c,b,c,c,c,a,c,c,a,c,b,c,c,c,c,c,b,c,c,c,a,a,b,c,c,c,c,c,b,c,b,a,b,c,c,c,c,a,c,c,c,b,a,b,b,c,a,c,a
394,b,a,a,a,b,a,a,a,a,c,b,c,b,a,c,a,b,c,b,a,b,b,b,a,a,a,a,a,c,a,b,a,a,b,b,a,a,c,c,a,c,b,b,a,a,c,c,b,c,b,b,c,b,a,a,a,a,b,b,b,a,c,a,a,c,a,a,a,b,a,a,c,a,a,c,b,b,b,b,a,a,c,a,c,c,c,b,b,a,c,a,a,a,c,a,c,b,b,a,a
395,b,b,a,b,a,b,a,a,a,b,b,a,b,c,a,a,a,b,b,c,b,b,b,c,b,a,c,b,c,a,c,b,b,a,b,a,b,b,a,a,b,b,c,b,c,c,b,b,a,b,a,b,c,b,b,a,c,a,a,b,c,a,c,a,b,a,b,a,c,a,b,b,b,c,a,c,b,a,b,b,a,a,a,c,b,c,b,c,a,b,a,a,b,a,b,b,b,b,b,b
403,a,a,a,a,a,a,a,a,a,a,a,a,a,a,a,a,a,a,a,a,a,a,a,a,a,a,a,a,b,a,a,c,a,a,a,a,a,a,a,a,a,a,a,a,b,b,b,b,a,a,a,a,a,a,a,b,a,a,a,a,b,a,a,a,a,c,a,a,a,a,a,c,c,a,a,c,b,a,a,a,a,b,b,b,a,a,a,a,b,a,a,a,b,b,a,a,a,a,a,a
404,a,a,a,a,a,a,a,a,c,a,a,a,a,a,a,b,a,b,b,a,a,a,a,a,a,a,a,a,a,a,a,b,a,a,a,a,a,a,a,a,a,b,b,a,b,a,a,a,a,a,b,a,a,a,a,a,a,a,a,b,a,a,a,a,b,a,a,b,a,a,a,a,b,b,a,a,a,a,a,a,a,a,a,a,a,a,a,a,a,b,c,a,a,a,a,a,a,a,a,a
406,b,c,b,b,b,b,c,b,b,b,b,b,b,c,c,c,b,b,b,c,c,b,b,c,a,b,b,b,b,c,b,b,b,c,c,b,b,b,c,b,b,b,c,b,b,b,c,b,b,c,b,b,b,b,b,c,c,c,b,b,b,b,c,b,b,b,b,b,b,b,b,c,b,b,b,b,b,c,c,b,b,b,b,b,b,b,b,b,b,b,b,b,b,c,b,b,b,b,b,b
413,b,b,a,c,b,c,c,c,c,a,c,a,c,a,b,a,c,a,c,a,a,b,b,c,b,c,a,c,a,a,c,c,a,a,a,c,c,c,a,a,a,c,b,a,a,b,c,c,a,a,c,a,c,b,c,c,c,b,c,a,a,a,c,c,c,c,a,b,c,a,c,a,a,c,c,a,c,b,b,a,c,c,b,a,c,c,a,a,c,c,a,c,b,a,b,a,a,c,a,a
422,a,a,a,a,a,a,a,a,c,a,a,a,a,b,a,a,a,a,a,c,a,c,a,a,a,b,a,a,a,b,a,b,a,a,a,a,b,a,a,c,a,a,c,a,c,a,a,b,c,a,a,a,b,a,b,a,a,a,a,c,b,a,a,a,c,a,b,a,a,b,c,a,b,a,a,a,a,b,b,a,a,c,c,a,a,b,a,a,a,a,a,a,b,a,a,a,a,a,b,b
427,b,c,c,c,c,c,c,c,c,c,c,c,c,c,b,b,c,b,c,c,c,c,c,c,a,c,b,a,a,b,c,b,c,c,a,c,c,c,c,b,c,b,c,a,c,c,c,c,c,c,c,c,c,b,a,c,c,c,c,c,a,c,a,a,b,c,c,c,b,b,c,c,a,a,a,a,b,a,b,c,b,a,b,c,c,b,c,c,c,b,b,b,a,c,a,b,b,a,a,b
432,b,b,a,a,a,b,b,a,b,a,a,c,b,b,c,b,c,a,a,b,a,c,a,b,b,a,a,c,a,a,c,a,b,a,b,a,b,c,c,a,a,b,a,b,c,a,a,b,a,a,b,c,b,b,c,b,c,b,b,b,c,b,c,b,b,b,a,c,b,a,a,b,c,a,c,a,b,c,c,a,c,b,b,a,b,a,a,c,a,c,a,b,b,b,c,c,c,b,a,b
434,a,c,b,a,b,c,b,c,a,a,a,b,c,a,a,a,b,b,a,a,a,a,c,a,a,a,c,b,a,a,b,c,b,a,c,a,b,a,a,a,a,c,c,a,c,b,c,a,b,a,c,b,b,a,a,c,c,a,a,c,a,a,a,a,b,a,b,b,a,a,a,a,a,a,b,c,b,b,a,c,a,b,a,b,a,a,a,a,c,a,a,b,a,a,b,b,c,a,a,a
437,b,b,a,c,b,a,b,b,a,b,a,a,a,b,a,a,a,a,a,b,a,b,b,a,c,a,a,a,a,a,b,c,a,b,a,b,c,a,a,b,b,a,a,a,b,a,a,a,b,b,a,b,b,c,a,a,b,a,a,a,a,b,b,a,a,a,a,b,a,c,b,a,c,a,b,a,a,b,a,a,a,a,c,a,a,c,a,b,a,a,b,b,a,b,b,b,b,b,a,a
446,a,c,a,c,a,b,b,b,b,a,c,c,c,b,b,c,b,b,b,c,b,c,b,b,c,b,b,c,b,b,b,b,a,b,c,a,a,a,b,c,c,a,b,b,b,a,a,b,b,c,b,b,b,c,c,b,a,b,c,b,b,b,c,b,c,c,b,b,c,b,c,c,b,c,c,a,c,c,b,c,b,b,b,b,b,a,b,b,c,c,b,b,b,b,b,b,b,a,b,c
448,c,b,b,b,b,a,a,a,a,a,b,a,a,b,c,a,a,a,b,a,a,a,a,a,b,b,b,b,b,b,a,a,b,b,c,a,a,a,a,a,a,a,c,a,a,c,b,b,a,b,a,a,b,b,a,a,b,a,a,c,b,b,b,c,b,a,b,a,a,a,a,b,a,c,a,a,b,b,a,a,a,a,b,a,a,c,a,a,b,b,b,a,a,a,b,b,b,a,a,a
449,b,a,a,c,a,a,a,a,a,a,a,a,a,a,a,a,c,a,a,a,a,a,a,b,a,a,a,a,a,b,a,a,b,a,a,a,a,c,a,a,a,a,c,c,a,c,a,a,a,a,a,a,a,a,a,a,b,b,a,a,a,b,a,a,a,b,c,a,a,a,a,b,b,b,a,a,a,a,a,c,b,a,a,a,a,b,b,a,a,a,a,a,a,a,a,b,b,a,a,a
450,c,b,a,a,a,a,c,b,c,b,c,a,a,a,b,c,a,a,a,a,c,a,a,a,b,a,a,b,c,b,a,a,a,c,a,b,a,a,b,a,a,c,a,c,a,a,b,a,c,b,a,a,a,b,a,a,a,b,a,a,b,b,a,c,c,b,a,b,a,a,b,b,a,a,b,b,a,a,c,b,a,b,b,b,a,a,b,c,b,c,b,a,b,a,b,b,c,b,a,a
452,c,a,a,b,b,b,a,a,a,c,a,b,b,b,a,a,a,c,a,a,a,a,a,c,c,a,a,a,c,a,a,b,b,b,b,b,c,c,a,b,a,c,a,c,a,a,c,a,b,c,a,a,c,c,c,c,a,a,c,b,a,b,b,c,a,c,b,b,a,a,a,c,b,a,a,b,b,a,b,a,a,a,a,a,b,c,a,c,a,a,a,a,c,a,a,c,b,c,c,a
454,a,a,a,a,a,a,a,a,a,a,a,a,c,a,a,a,a,a,a,b,a,a,a,a,b,a,b,a,a,b,a,a,a,a,a,a,a,b,a,a,a,b,b,a,a,a,a,b,b,a,a,b,a,a,a,b,a,a,a,a,a,b,b,a,a,a,a,a,a,a,a,a,a,a,a,a,a,a,a,a,a,a,a,a,a,a,a,b,a,b,a,a,b,a,a,b,a,a,a,a
456,a,a,b,a,a,a,b,c,b,c,c,b,b,a,a,b,a,c,b,a,b,a,c,c,a,a,a,a,a,b,a,b,b,b,b,b,c,c,a,b,a,c,b,b,a,b,b,b,a,b,b,a,a,a,b,a,c,b,a,b,b,b,b,b,a,b,c,b,a,a,a,a,c,a,c,a,a,c,a,b,a,a,a,a,a,b,b,a,a,a,b,a,a,c,a,b,b,c,c,a
457,b,a,c,b,a,a,a,b,c,b,a,c,b,a,b,b,c,a,a,a,c,c,a,b,a,c,a,b,a,b,c,a,c,a,a,c,b,b,a,b,b,a,a,a,a,a,a,c,b,b,a,b,b,b,b,b,a,b,c,a,c,b,b,b,b,a,b,b,b,a,b,b,b,a,c,a,b,b,b,a,a,a,b,b,b,b,b,b,a,b,c,b,a,a,a,b,c,b,c,b
459,c,b,c,a,b,b,c,a,b,b,b,c,b,b,b,b,b,c,b,b,b,b,a,b,a,b,a,b,c,b,a,b,a,c,a,a,b,b,a,c,b,a,b,a,b,b,b,b,b,b,a,b,b,b,a,b,b,c,b,c,a,a,c,b,b,a,a,b,b,b,a,b,b,b,a,b,a,b,a,b,b,b,a,b,b,b,c,a,b,c,b,c,c,b,c,b,a,a,c,a
462,b,b,b,b,b,b,b,b,b,b,c,b,b,b,b,b,a,a,a,b,b,b,c,b,b,c,b,b,c,b,b,b,b,b,b,b,b,b,b,a,a,b,b,b,a,b,b,c,b,c,b,b,c,b,c,c,a,c,b,b,a,b,c,a,b,b,b,b,b,b,b,b,c,b,c,c,b,b,b,b,a,c,c,b,b,c,b,a,a,b,b,b,b,b,b,b,c,b,c,b
466,b,a,a,a,a,a,a,a,a,a,a,b,a,b,a,a,a,c,a,c,b,a,c,a,a,a,a,a,a,a,a,b,b,a,c,c,c,a,a,b,c,a,b,a,b,b,b,b,b,a,a,a,a,a,a,c,c,b,c,a,b,b,b,c,b,b,a,a,b,c,c,c,b,a,a,b,b,b,b,b,b,b,b,a,b,b,a,b,a,a,a,b,a,a,a,a,b,b,b,b
473,b,b,c,b,b,b,b,b,c,b,b,b,b,a,b,a,b,a,a,c,a,b,a,b,b,b,a,b,b,a,c,b,b,a,a,a,b,a,b,c,b,b,c,b,b,b,b,a,b,a,b,b,b,b,b,b,a,a,a,a,b,a,a,b,b,b,b,b,c,a,b,a,b,b,b,c,a,a,b,b,b,b,b,b,a,b,c,b,b,b,a,c,a,b,b,c,b,c,a,c
474,c,c,c,a,c,c,a,a,c,b,a,b,c,b,b,c,c,c,a,c,b,c,c,b,c,c,b,c,c,a,c,c,b,b,a,a,c,c,c,b,b,c,c,c,b,c,c,a,a,b,b,a,a,c,c,a,c,a,a,c,c,c,a,b,b,a,a,a,a,b,b,c,a,a,b,a,b,b,a,b,a,a,c,c,c,b,c,c,b,b,a,a,c,c,b,a,c,c,c,c
481,a,a,a,b,a,a,b,a,a,a,a,a,a,a,a,b,a,a,a,a,b,a,a,a,a,a,a,a,a,a,a,a,a,a,a,a,a,b,a,a,a,b,a,a,a,a,a,a,b,a,a,a,a,a,a,a,b,a,a,b,a,a,a,a,b,a,a,a,a,a,b,a,a,a,a,a,a,a,a,a,a,a,a,a,a,a,b,b,a,a,a,a,a,a,a,a,a,a,a,b
483,a,a,a,a,a,a,a,a,a,a,a,a,a,a,a,a,a,a,a,a,a,a,a,a,a,a,a,a,a,a,a,a,a,a,a,a,a,a,a,a,a,a,a,a,a,a,a,a,a,a,a,a,a,a,a,a,a,a,a,a,a,a,a,a,a,a,a,a,a,a,a,a,a,a,a,a,a,a,a,a,a,a,a,a,a,a,a,a,a,a,a,a,a,b,a,a,a,a,a,a
484,a,a,a,a,c,a,a,b,b,b,a,a,c,a,a,a,b,a,a,a,c,a,a,b,b,a,a,a,a,a,a,a,a,b,a,a,a,a,b,b,a,b,c,a,a,a,a,a,a,a,a,a,a,b,a,a,a,c,a,a,b,a,b,a,b,a,a,a,b,a,a,a,a,c,a,b,b,a,b,a,a,b,b,a,a,b,a,b,a,a,b,a,a,a,b,a,a,a,a,a
490,c,b,b,a,a,c,a,b,a,b,a,a,a,a,b,b,a,a,a,a,a,a,c,b,c,b,a,a,b,b,b,a,b,a,b,a,c,a,a,a,a,a,c,a,a,b,b,a,a,b,b,b,b,a,a,b,a,a,a,b,b,a,a,a,b,a,a,b,b,b,b,b,b,b,b,a,a,a,b,a,a,b,a,a,a,a,a,a,a,a,b,a,a,a,b,a,c,b,b,b
494,b,b,a,b,a,a,c,c,b,a,b,a,b,c,b,b,c,b,b,c,a,c,b,a,b,a,b,a,b,a,a,b,b,b,b,c,a,b,a,b,a,a,c,a,a,c,b,b,b,c,b,a,a,a,c,b,b,a,b,b,b,c,b,b,a,b,a,c,c,c,c,a,c,b,c,b,b,b,a,b,b,b,c,b,a,b,b,a,c,c,a,b,a,a,b,b,b,b,b,c
500,c,c,c,a,a,c,c,c,a,c,c,c,a,c,c,c,c,c,c,c,c,c,a,c,c,c,c,c,c,a,c,c,c,c,c,c,c,c,c,c,c,b,a,c,c,c,b,a,a,a,c,c,c,b,c,c,b,a,c,c,a,b,b,a,c,b,c,c,b,b,c,c,b,c,c,a,a,c,c,a,c,c,b,c,c,a,b,b,c,c,b,c,b,a,a,b,c,c,c,a
504,b,c,c,b,a,c,c,b,a,b,c,c,a,c,b,a,c,b,c,c,c,c,b,a,c,c,c,b,c,c,c,a,c,a,c,c,c,a,a,a,b,c,a,c,c,c,c,a,b,c,b,a,c,b,b,b,c,a,c,c,c,a,c,a,c,c,c,b,c,a,b,c,b,c,c,a,b,b,c,b,b,b,c,b,c,c,b,a,c,c,c,b,b,c,a,c,b,c,a,b
505,a,a,a,a,b,b,b,a,c,a,a,a,b,c,a,a,a,b,a,b,a,a,a,a,a,a,b,b,b,b,a,b,a,a,a,a,a,a,a,b,a,b,a,b,a,a,a,a,a,b,b,b,b,a,b,a,b,c,b,a,a,a,a,a,a,a,a,a,a,a,b,a,c,a,b,a,b,a,a,a,a,a,c,a,a,b,a,a,a,a,a,a,a,a,b,a,c,a,a,a
507,a,b,b,a,b,a,b,a,b,a,b,b,c,b,a,a,b,a,a,b,a,b,a,a,b,b,a,a,a,b,a,b,c,b,a,b,c,b,b,b,c,b,a,b,b,b,a,b,b,a,c,b,b,b,b,b,b,a,a,b,a,a,b,a,b,b,b,b,c,c,b,b,b,a,b,a,a,a,b,b,b,a,a,a,a,a,b,a,b,a,b,c,c,b,a,b,c,c,a,c
514,c,b,c,a,b,b,a,b,a,b,a,a,a,c,b,c,b,b,b,b,a,c,b,b,b,c,b,c,b,a,a,c,b,b,a,a,a,b,b,c,a,c,a,a,b,b,b,a,a,b,a,b,c,b,b,a,b,a,c,a,b,a,a,b,b,a,a,c,a,a,a,a,c,a,a,b,a,b,c,c,a,b,b,c,c,b,b,b,b,b,a,a,b,b,a,b,b,a,b,a
526,a,a,a,c,b,a,a,b,a,a,c,b,b,b,b,a,b,a,a,b,a,b,b,a,a,b,b,c,a,a,b,c,a,b,c,b,b,a,a,a,a,b,a,a,b,a,b,a,c,a,b,a,a,b,b,b,a,b,a,b,a,b,c,b,b,b,b,b,a,a,a,b,a,b,b,b,a,a,c,c,a,b,a,a,b,c,b,c,c,b,b,b,a,b,b,b,b,b,a,b
529,a,b,a,b,c,b,b,b,c,b,b,a,c,c,b,b,b,b,c,a,a,a,c,b,a,b,b,a,a,c,a,c,c,c,b,c,a,a,b,a,c,a,b,c,b,b,c,b,a,b,a,b,a,c,c,b,a,b,a,a,b,b,b,c,a,a,b,c,b,b,a,a,a,b,b,a,b,a,b,b,b,a,b,b,a,a,a,b,b,b,a,b,a,b,b,b,b,b,b,b
531,b,b,b,a,c,b,a,b,b,b,b,b,a,b,b,c,b,c,b,c,a,a,b,c,b,b,b,b,c,a,b,c,b,c,b,b,c,b,a,c,b,c,c,a,b,b,b,a,c,b,b,c,b,c,b,c,b,b,b,b,c,c,b,a,c,b,c,c,c,c,b,b,b,b,a,b,a,a,a,c,c,c,b,b,b,b,a,b,a,b,b,c,b,b,c,b,c,b,b,b
540,a,a,c,b,b,b,b,a,b,a,b,a,b,a,b,b,b,b,a,a,b,a,c,b,a,b,a,a,b,a,a,a,a,c,c,a,a,a,b,b,a,c,b,a,a,a,a,a,a,c,a,a,a,b,b,a,a,a,a,a,a,a,c,b,a,b,a,b,a,c,b,a,b,a,a,b,a,a,b,a,a,c,a,b,b,b,b,b,a,b,c,b,a,a,b,b,b,a,b,a
543,a,a,a,b,b,b,a,a,b,b,b,b,a,b,b,b,a,a,a,a,a,a,a,b,b,a,b,a,a,a,a,b,a,b,b,a,a,a,b,b,a,a,a,b,a,a,b,b,a,a,a,a,a,a,a,a,a,a,b,b,b,a,a,b,b,b,b,a,b,b,b,b,b,b,c,b,a,b,b,a,a,a,b,a,c,a,b,a,a,b,b,a,a,a,b,a,b,a,b,a
546,c,c,b,c,c,b,b,b,b,b,b,b,b,b,b,b,c,c,b,b,b,b,b,c,b,c,c,c,c,c,c,b,b,b,b,b,b,c,b,b,c,b,b,c,c,b,c,b,b,b,b,b,b,c,c,b,b,b,b,b,b,b,c,b,b,c,c,b,b,b,b,b,c,c,b,c,c,c,b,b,c,c,b,b,c,b,c,b,b,c,b,b,b,b,c,b,c,b,b,b
548,a,c,c,b,a,a,c,b,a,c,b,a,a,b,c,c,c,c,a,a,c,b,b,a,c,a,c,b,c,a,c,a,c,a,a,a,a,b,b,b,a,c,a,b,c,c,c,b,b,b,a,a,a,a,a,b,b,c,c,b,a,c,c,b,a,a,a,b,b,b,c,c,a,c,b,a,a,c,a,b,a,a,c,b,b,a,b,c,b,a,c,b,c,c,a,b,c,b,b,b
549,a,a,c,a,a,c,a,a,a,a,a,a,a,a,a,b,a,b,a,a,b,a,a,a,a,b,a,a,a,a,a,a,a,a,a,a,b,c,a,a,a,a,a,a,a,a,a,a,a,a,a,b,b,a,a,a,a,a,b,b,a,a,c,a,a,a,a,a,a,a,b,b,a,a,a,b,a,a,b,a,a,b,a,a,a,b,a,b,a,a,a,a,a,a,a,a,b,b,b,b
550,b,a,a,a,b,b,a,b,a,a,b,b,a,a,a,a,a,c,b,a,b,b,b,a,a,a,c,b,a,b,b,b,a,b,c,c,b,a,b,a,a,b,b,a,a,a,b,a,a,b,a,a,a,c,a,a,a,a,a,a,b,a,a,a,c,a,c,a,a,a,b,b,c,a,c,a,b,a,a,b,a,a,c,a,b,c,b,a,a,a,b,a,a,a,a,b,b,b,a,a
554,c,a,c,a,c,b,c,a,b,c,b,b,c,c,a,b,c,c,b,b,c,c,c,b,c,c,c,b,c,b,a,c,a,c,c,a,b,b,b,a,c,c,c,a,c,c,a,c,c,c,a,a,a,a,a,a,b,b,a,a,c,b,a,b,a,c,a,c,c,b,a,c,a,a,b,c,a,c,b,b,a,b,b,a,a,b,b,c,c,b,c,a,a,b,c,c,b,c,c,b
557,a,a,a,a,a,a,a,a,a,a,a,a,a,a,a,a,c,a,a,a,a,a,a,a,a,a,a,a,a,a,b,a,b,a,a,a,a,a,a,a,a,a,a,a,b,a,b,a,a,a,b,a,a,a,a,a,a,b,a,b,a,a,b,a,a,a,a,a,b,a,a,b,a,a,a,a,a,a,a,a,a,b,a,a,a,a,a,a,a,a,a,a,a,a,a,a,a,a,a,a
561,b,a,a,b,a,a,a,b,b,a,a,c,a,a,b,b,b,a,b,b,b,b,a,b,a,b,b,a,b,b,a,b,b,c,b,b,b,c,b,a,a,b,a,b,b,a,a,a,b,b,b,a,b,b,a,a,b,a,b,a,b,b,b,a,a,a,b,a,c,a,a,c,b,b,a,b,a,a,b,a,b,a,a,c,b,a,b,a,b,b,b,a,a,b,b,b,a,b,b,b
573,b,b,a,a,b,a,b,a,c,a,b,b,a,a,a,c,a,b,a,b,b,b,c,c,a,a,a,a,b,b,a,a,a,a,b,a,b,a,b,c,a,b,b,a,a,b,a,b,a,a,b,a,b,a,b,a,a,b,a,b,a,c,b,a,b,b,a,b,c,a,b,b,b,a,a,a,a,a,a,b,a,b,b,b,a,a,a,a,b,a,a,a,b,c,b,c,b,a,a,a
579,c,b,a,a,b,a,a,b,a,b,c,a,a,b,a,b,b,a,c,a,b,a,a,a,a,a,a,a,b,a,b,a,a,c,a,a,a,a,a,a,a,a,a,a,a,a,a,b,a,a,a,a,a,a,a,a,a,b,a,a,a,b,a,b,a,a,a,c,a,b,c,a,a,c,c,a,b,a,b,a,b,a,a,b,a,a,c,b,a,a,a,a,b,c,a,b,a,a,a,a
584,b,b,a,a,a,b,b,b,b,c,c,a,b,a,b,a,a,b,b,c,b,b,a,a,b,b,a,a,b,b,c,b,b,b,b,a,a,c,b,c,c,b,a,a,a,b,a,c,b,b,a,b,b,b,a,c,b,a,a,a,b,b,b,b,a,b,a,c,c,b,a,a,b,b,a,b,b,b,a,b,a,b,b,a,a,a,b,b,b,a,b,a,b,b,b,a,b,b,a,c
590,a,b,a,c,a,c,b,a,b,a,c,a,a,a,a,a,a,b,c,b,b,c,c,a,b,b,c,b,c,c,a,a,a,b,a,c,a,b,b,b,c,b,a,c,b,c,c,c,a,b,b,a,b,a,a,a,a,b,c,a,a,a,b,b,c,b,a,c,a,b,c,a,a,b,c,c,a,b,a,a,a,b,a,b,a,a,b,c,a,c,a,b,a,a,a,a,c,b,a,a
595,a,a,b,a,b,a,a,a,a,a,a,a,a,a,a,a,b,c,b,b,a,a,b,a,a,a,a,a,a,a,a,a,a,a,c,a,b,a,b,a,b,a,a,a,a,a,b,a,a,a,b,a,a,a,a,b,a,a,c,a,c,b,b,a,a,a,a,a,a,b,a,b,a,c,a,a,b,a,a,a,a,a,a,a,b,a,c,a,a,b,a,a,a,a,a,a,a,b,b,a
613,c,c,b,a,b,c,c,c,c,c,a,a,b,b,b,c,c,c,c,a,c,b,a,b,b,a,a,b,b,c,b,c,c,b,c,c,c,c,a,b,a,c,c,c,a,a,c,c,b,c,b,b,c,a,a,a,c,c,b,b,c,c,a,b,b,c,a,a,a,c,b,c,a,b,a,a,a,a,a,c,c,b,b,c,b,a,c,b,c,b,c,b,b,a,a,a,c,a,c,c
615,a,a,a,a,a,a,a,a,a,a,a,a,a,c,a,a,a,a,a,a,a,c,a,a,a,a,a,a,a,c,c,a,a,a,a,a,a,a,a,c,a,a,c,a,a,a,a,a,a,a,a,a,a,a,c,a,a,a,c,a,a,a,a,a,a,a,a,a,a,a,c,a,a,a,a,c,a,a,a,a,a,a,a,a,a,a,a,a,a,c,a,c,a,a,a,c,a,b,c,a
623,a,a,c,a,a,c,b,b,a,a,a,b,a,a,c,a,b,a,a,a,a,c,c,a,b,b,a,a,a,a,a,a,b,a,a,a,c,b,a,a,b,c,b,a,a,a,a,c,b,c,a,a,a,c,b,a,a,b,b,b,a,a,c,c,b,a,a,a,a,a,a,a,c,c,a,b,c,a,b,b,b,b,a,b,c,a,b,a,a,c,c,a,c,a,a,b,c,b,a,a
624,a,a,a,a,b,a,a,b,a,a,a,b,a,a,c,c,a,a,a,c,b,a,b,b,b,b,a,a,a,a,a,a,b,a,a,b,a,a,a,a,b,b,b,a,a,a,a,b,a,a,a,a,b,a,a,c,b,c,b,a,b,a,a,a,a,b,a,c,a,a,b,a,a,b,a,a,b,b,a,b,b,b,c,a,a,a,a,a,a,a,b,a,a,a,a,b,b,b,a,a
632,b,a,a,c,b,a,a,b,a,c,a,b,c,b,b,a,a,b,b,c,a,a,a,b,b,a,b,b,a,c,b,b,b,c,c,b,c,a,b,c,c,c,b,a,a,b,a,a,a,a,c,c,b,a,b,b,a,a,a,b,a,c,b,a,c,b,a,a,b,b,a,c,c,a,b,a,c,b,b,a,a,a,a,a,b,a,a,b,c,a,a,b,a,c,b,b,c,a,a,a
633,a,a,c,c,a,a,c,c,c,a,c,c,b,a,a,c,b,a,c,a,b,a,c,c,b,c,c,c,b,a,a,c,c,b,c,a,b,c,c,a,a,c,c,b,a,b,b,b,b,c,c,b,b,b,c,c,b,a,b,b,c,b,a,c,a,c,a,b,c,b,c,c,c,c,a,b,c,c,a,c,b,c,c,b,b,c,a,c,b,c,b,b,c,a,c,b,b,b,b,c
635,b,a,c,b,b,c,a,a,b,c,b,a,a,b,a,a,a,c,c,b,b,a,b,a,a,a,c,a,b,a,a,c,b,a,b,c,a,a,b,a,c,b,c,a,a,a,c,b,a,a,a,a,b,a,a,b,c,b,c,c,c,c,a,c,a,b,c,b,a,a,c,b,b,a,b,a,a,c,a,a,a,a,c,c,a,a,a,a,a,b,b,a,a,a,b,c,c,c,b,b
645,b,c,b,b,b,b,b,b,a,a,a,b,b,b,a,a,a,b,a,b,b,c,a,c,a,b,b,b,a,b,b,a,b,b,b,a,a,b,b,a,b,c,b,a,a,a,c,b,a,b,b,c,b,b,b,b,a,a,b,b,c,a,b,a,a,b,b,a,b,b,a,a,c,b,a,b,b,b,b,b,b,c,a,b,a,b,c,b,b,c,b,a,a,b,a,b,b,b,b,a
656,b,c,a,a,b,c,c,c,c,b,a,a,c,b,a,b,a,c,b,b,b,a,b,b,b,c,c,b,b,c,c,c,a,b,a,a,b,b,b,a,c,c,b,c,a,b,b,b,b,b,a,c,b,a,c,a,c,b,b,a,c,c,c,b,a,a,a,c,a,b,a,c,b,b,b,a,a,c,c,c,c,c,c,c,a,a,b,c,c,b,b,b,a,c,c,a,b,c,b,c
657,a,a,a,a,b,b,a,b,a,a,a,a,b,a,a,a,a,a,b,a,a,a,b,b,c,a,a,a,a,a,a,b,a,a,a,a,b,b,b,a,c,b,c,a,a,a,a,a,b,a,b,b,a,a,a,b,a,a,a,b,a,a,a,a,b,a,a,a,b,a,a,b,a,a,a,a,a,a,a,a,a,b,a,a,a,a,b,a,b,a,b,a,c,b,a,a,b,a,a,b
659,c,b,b,a,b,a,a,a,c,a,a,a,a,a,a,a,b,a,b,a,a,a,a,a,a,a,b,a,a,b,a,a,b,a,a,a,a,a,b,a,a,c,a,b,b,b,a,b,a,b,b,b,b,a,a,a,b,c,b,a,b,a,a,a,a,a,a,a,a,a,b,a,a,b,a,b,a,b,a,a,b,a,a,b,a,a,b,a,a,a,a,a,b,c,a,b,c,a,a,a
665,b,b,c,b,a,b,a,b,b,a,b,b,b,c,a,b,a,b,b,a,b,b,b,b,b,a,b,b,a,a,c,a,c,b,a,b,b,a,a,c,b,c,a,b,c,b,c,b,b,c,b,a,b,c,c,c,a,b,a,a,b,a,c,a,a,c,b,b,c,b,b,b,a,b,b,a,a,c,b,b,c,a,b,c,b,c,c,b,a,a,b,a,b,b,b,b,b,a,b,b
666,b,a,a,c,b,b,a,a,b,a,a,a,a,a,c,b,b,a,a,a,a,c,a,a,a,b,b,b,c,a,a,a,c,b,b,a,b,b,b,b,a,b,b,a,b,b,b,b,a,a,a,b,a,a,a,a,b,a,b,b,a,b,b,c,c,a,a,b,c,b,b,b,a,a,c,a,b,a,c,b,b,c,a,a,b,a,c,b,b,a,a,b,a,a,a,a,b,a,b,a
674,b,a,b,b,a,c,a,b,a,a,c,c,c,a,c,b,a,a,c,a,a,c,a,b,a,a,b,b,a,a,a,b,c,a,a,a,b,b,b,a,b,a,c,a,b,a,b,b,b,a,a,a,a,b,a,a,b,c,a,a,a,b,b,b,b,c,b,b,a,b,b,b,b,c,a,b,a,a,c,a,a,b,a,a,a,a,c,b,a,a,c,c,c,b,b,a,a,a,b,a
679,c,c,c,c,b,c,a,a,a,b,a,c,b,c,c,c,b,a,b,c,c,c,c,c,c,c,a,c,b,a,c,b,b,c,c,c,c,b,c,a,c,c,c,c,c,a,a,b,c,b,a,a,a,a,c,b,c,a,c,b,c,c,c,b,c,c,c,a,c,c,c,c,c,c,b,c,c,a,a,c,c,a,c,c,b,c,c,b,b,a,b,c,c,c,b,c,a,c,b,c
683,a,a,a,a,a,a,a,a,a,a,a,a,a,a,b,a,a,a,a,a,a,a,a,a,a,a,a,a,a,a,a,a,a,a,a,a,a,b,a,a,a,a,a,a,a,a,a,a,a,a,a,a,a,a,c,a,a,b,a,a,a,a,a,a,a,b,a,b,a,a,a,a,a,a,a,a,b,a,a,a,a,a,a,a,a,a,a,c,a,a,a,a,a,a,a,a,b,b,a,a
685,c,a,a,a,a,b,c,a,b,b,b,b,a,a,c,c,b,b,c,c,c,b,c,a,a,b,c,c,b,c,c,b,c,b,c,b,b,b,b,c,c,a,a,b,c,b,c,a,a,a,c,a,c,c,a,b,b,c,a,a,c,b,a,c,c,c,c,b,b,b,c,c,c,c,b,b,c,c,c,a,a,c,c,b,c,b,b,a,c,c,c,b,c,c,a,b,b,b,a,a
692,a,b,a,a,a,a,a,b,b,a,a,a,a,a,a,b,a,a,a,b,b,a,b,a,a,a,b,a,a,b,a,c,a,a,a,a,a,a,a,a,a,a,a,a,a,b,b,a,a,c,b,a,a,a,a,a,b,b,a,a,b,b,b,a,b,a,a,b,a,a,b,a,a,a,a,a,c,a,a,b,a,a,a,a,a,b,a,b,c,a,a,a,b,b,a,b,a,a,a,a
694,b,b,c,b,a,a,b,a,b,b,b,c,c,c,c,b,b,c,b,c,c,c,c,b,a,c,a,c,b,a,b,a,c,c,b,a,a,b,c,b,a,b,b,c,b,b,b,a,a,a,b,c,a,a,c,b,b,b,b,a,a,a,b,a,c,a,b,a,b,b,a,a,b,b,a,c,c,c,c,c,a,c,a,c,a,c,b,b,b,a,c,b,c,c,b,a,a,c,b,b
698,b,a,b,b,a,c,b,b,b,a,a,c,a,a,b,a,b,a,b,c,c,a,b,c,b,b,c,a,a,c,b,c,a,c,b,b,b,b,c,c,c,c,a,b,b,a,a,c,a,a,a,b,c,b,b,a,a,b,b,c,a,a,a,a,a,a,a,b,c,a,a,c,b,c,a,a,b,a,b,a,c,c,b,b,b,b,b,b,b,a,c,b,a,b,a,b,a,b,b,a
701,a,a,a,a,b,a,a,b,c,a,a,b,a,a,a,b,b,a,a,a,b,b,b,b,a,a,b,c,a,a,b,b,a,b,a,a,a,b,a,a,a,a,a,b,a,b,c,b,a,c,b,a,c,a,a,b,a,c,a,a,a,a,b,c,a,c,a,a,a,a,a,a,b,a,b,a,a,a,b,a,b,a,a,a,a,c,c,a,b,b,a,b,b,b,a,a,a,a,a,b
704,b,b,b,a,a,a,a,a,a,a,a,a,a,b,a,a,b,a,a,c,a,a,a,b,b,b,a,b,a,a,a,a,a,a,b,b,b,c,b,a,a,c,a,a,a,a,a,a,a,a,c,b,a,a,a,b,a,a,b,b,a,b,b,c,b,a,b,a,a,b,b,a,b,b,a,a,a,a,a,a,a,a,b,b,a,a,b,b,b,a,b,a,a,a,a,b,a,a,a,a
708,c,b,c,c,c,c,b,c,c,b,c,b,c,c,a,a,c,c,c,a,b,c,b,c,b,c,c,c,b,c,b,b,c,b,a,c,c,c,a,b,b,c,c,b,b,b,c,c,b,c,c,c,b,c,c,c,a,c,a,a,c,a,b,a,c,b,b,c,a,c,c,a,c,c,b,c,c,c,a,c,a,c,a,c,a,a,b,b,a,c,c,c,b,b,a,b,c,c,c,b
709,a,a,b,a,a,a,b,b,a,a,a,a,a,a,a,c,a,a,b,a,a,a,c,a,a,a,b,b,a,a,b,b,b,a,a,a,b,a,a,b,a,b,a,b,a,a,b,a,b,a,c,b,c,c,a,b,a,b,a,a,a,a,a,a,a,b,c,b,a,b,a,a,b,b,a,a,a,c,c,c,b,c,b,a,a,a,a,b,a,a,b,a,b,a,a,a,b,b,b,c
710,a,a,a,a,b,a,a,b,b,c,b,b,b,b,b,a,a,b,a,c,c,c,b,b,a,b,c,c,a,a,c,a,a,a,a,c,a,a,a,a,a,a,c,c,a,c,b,a,b,a,b,a,c,b,a,a,c,b,c,c,a,a,a,a,a,a,a,a,a,b,a,b,a,a,c,a,c,b,b,b,a,b,a,a,c,a,c,c,a,c,a,a,a,a,a,c,b,a,b,c
711,b,b,a,b,c,c,a,a,b,b,b,b,c,b,b,b,b,a,a,b,c,b,c,a,a,b,b,a,b,c,a,a,c,a,b,c,a,a,b,a,a,b,b,c,a,b,b,a,c,c,b,c,c,b,a,a,b,a,b,b,a,b,a,a,c,a,a,a,a,a,b,a,b,a,b,c,b,c,a,b,c,b,c,a,a,c,b,a,b,c,a,a,c,b,a,c,c,a,b,b
714,a,a,c,a,b,a,b,a,a,b,a,a,b,a,a,b,b,b,a,a,c,b,a,a,a,a,b,a,a,c,b,a,a,b,a,a,a,b,b,b,c,b,a,a,a,a,b,a,b,b,c,b,a,b,b,a,b,a,c,b,b,b,b,a,b,b,a,b,b,a,c,b,c,c,a,b,a,b,b,a,a,a,a,b,c,c,a,b,c,c,a,a,b,b,a,a,a,a,b,a
715,a,a,b,b,b,b,c,a,a,b,b,a,b,b,a,a,a,b,b,b,c,c,b,c,a,a,a,a,a,c,a,b,b,a,a,b,a,a,b,a,a,b,b,a,b,b,b,b,a,a,a,a,b,a,c,a,a,b,b,b,a,c,a,b,b,b,b,a,a,b,b,b,b,b,b,a,a,c,a,b,b,b,b,a,c,a,a,b,b,b,a,a,b,a,b,c,b,a,a,a
716,a,c,a,b,c,a,a,c,a,a,a,a,c,b,b,c,c,b,a,c,c,a,a,a,b,b,a,c,c,c,c,c,c,c,c,a,a,b,c,c,b,b,c,c,a,c,a,a,c,c,a,a,c,a,c,b,a,b,b,b,a,b,b,c,b,c,c,a,b,c,c,c,b,b,c,a,a,b,c,b,a,a,a,c,c,b,a,c,a,a,c,c,b,b,a,a,a,b,a,c
720,c,c,c,b,b,a,a,a,a,b,c,a,b,a,b,b,c,a,a,c,b,c,a,b,c,b,a,c,b,b,a,a,a,b,a,a,b,a,a,c,a,c,b,c,b,a,a,a,a,a,a,c,c,b,a,c,b,a,c,c,a,a,a,b,a,b,c,a,c,b,b,b,b,a,a,a,a,a,a,c,c,b,a,b,a,b,b,a,a,a,b,a,c,a,b,b,a,c,a,c
721,b,a,b,b,b,b,b,a,b,a,a,b,c,b,a,b,a,a,b,a,a,b,a,a,b,a,a,a,a,b,a,a,b,a,a,a,a,c,a,a,a,b,b,c,c,a,a,a,a,b,a,c,a,b,a,a,b,b,a,a,b,c,c,b,a,a,b,a,c,b,b,a,c,a,a,a,a,a,a,a,c,b,a,a,a,a,a,a,b,a,b,a,b,a,c,b,a,a,a,a
726,a,c,b,a,b,c,a,b,a,b,a,a,b,a,a,a,b,a,b,b,b,a,a,a,a,a,a,a,a,b,a,a,b,a,b,a,b,b,b,c,a,a,a,c,a,a,a,a,a,b,c,a,c,b,a,b,a,b,a,b,c,b,a,a,a,b,a,a,b,a,a,a,a,a,c,b,a,b,b,a,b,a,a,b,a,c,b,b,a,a,a,b,b,a,a,a,a,a,b,a
728,b,b,c,c,c,a,b,c,c,a,b,a,b,c,c,c,c,c,b,c,b,b,c,b,a,a,c,c,c,c,c,c,c,c,c,b,c,c,a,c,b,c,c,c,b,c,a,b,c,a,c,c,a,b,c,b,c,b,b,c,a,b,c,b,c,c,c,c,b,c,a,c,c,a,c,b,a,c,b,c,b,c,c,a,c,c,c,a,c,a,b,c,a,b,b,b,c,c,c,b
731,a,b,a,a,a,b,a,a,a,b,a,b,b,a,b,a,c,a,c,a,a,b,b,b,a,b,a,c,a,b,c,b,c,a,b,a,a,b,c,a,b,b,b,b,a,b,a,c,c,b,b,c,b,b,b,b,a,b,b,b,c,a,b,a,a,a,c,a,b,b,b,b,a,b,a,a,b,b,a,c,b,b,b,c,a,a,a,a,b,b,b,a,b,a,a,a,b,a,b,b
735,b,b,b,b,b,b,c,c,b,c,b,b,c,a,b,c,b,c,b,b,a,b,b,c,b,c,b,c,c,b,c,b,a,a,a,b,b,c,a,a,b,b,c,a,c,a,b,b,a,c,c,c,a,b,b,c,b,b,a,b,b,a,b,a,a,b,b,b,c,b,b,b,b,a,a,c,c,a,c,b,b,b,b,a,c,a,b,b,b,a,a,a,a,c,b,b,c,a,c,b
736,a,a,b,b,b,b,a,a,b,a,b,a,b,a,b,b,a,c,a,a,b,a,a,c,a,a,b,c,b,a,a,b,a,a,a,b,c,b,a,b,b,b,a,b,b,b,a,c,c,a,a,b,c,c,a,a,a,b,a,b,b,a,a,b,b,b,b,b,c,a,b,b,a,b,b,a,b,b,c,c,c,b,c,b,b,a,b,a,b,b,a,a,b,b,a,b,b,b,b,c
738,a,c,b,a,b,a,c,c,b,c,a,b,a,a,c,b,b,c,b,c,a,c,c,a,b,b,c,b,a,c,a,c,c,c,c,c,b,b,b,c,a,b,c,b,c,b,c,a,a,c,b,b,c,c,a,b,c,b,b,c,b,b,c,b,c,c,c,b,c,c,c,b,a,a,b,a,c,c,b,b,c,b,b,b,c,c,c,c,a,c,b,b,c,c,a,c,a,c,b,a
742,a,c,b,a,b,b,b,a,a,c,c,b,b,c,c,a,b,a,b,a,b,a,b,b,b,b,b,c,a,b,b,b,b,a,b,b,b,b,c,b,b,b,b,c,b,a,b,a,c,a,b,b,a,b,b,b,b,b,b,a,a,b,b,b,b,b,a,b,c,b,b,b,b,b,b,b,a,a,b,b,b,c,c,b,b,b,b,b,b,b,a,b,a,b,a,b,a,b,b,b
745,c,c,a,b,b,c,b,b,c,b,c,c,a,c,c,a,c,b,a,b,a,b,a,a,a,c,b,a,a,b,a,a,b,c,b,a,a,a,b,b,b,b,b,b,b,b,a,b,b,a,c,b,c,c,c,c,b,c,a,a,c,b,a,b,c,c,c,b,a,b,b,b,c,c,b,a,a,a,c,a,c,a,a,a,a,c,c,b,c,a,b,b,c,c,a,b,b,b,b,b
747,c,a,b,c,a,b,b,b,b,a,c,b,c,b,a,b,b,c,a,c,a,c,c,b,b,c,a,b,b,c,c,b,a,b,a,b,c,b,b,c,c,c,b,a,c,c,a,c,c,b,b,a,b,b,b,b,b,b,b,b,a,a,b,a,a,a,b,b,b,c,b,a,b,b,b,a,b,b,b,b,c,b,b,c,a,c,a,b,c,a,a,a,a,b,a,b,b,a,a,b
748,c,b,b,a,b,a,b,c,c,a,c,a,c,a,b,b,b,a,a,b,a,a,a,a,a,b,b,b,a,c,a,b,a,b,c,c,c,c,b,a,a,a,b,a,b,b,b,b,a,a,b,b,c,a,a,c,a,a,a,b,c,b,c,a,c,a,a,a,a,b,a,a,a,a,a,a,a,c,a,c,b,c,a,a,c,b,a,a,a,b,a,a,a,a,b,c,c,a,a,a
752,b,b,a,b,a,a,a,a,a,a,b,a,a,a,a,a,a,b,b,c,a,b,a,c,c,c,c,a,b,b,c,c,b,a,b,c,a,b,a,a,b,c,b,b,c,c,a,c,c,a,c,a,b,c,c,c,b,c,b,c,b,b,c,a,a,a,a,b,c,b,b,b,c,c,a,a,a,c,c,a,b,b,b,b,b,b,b,b,b,b,b,b,a,b,a,b,a,b,b,b
763,b,b,b,a,c,b,a,a,a,b,b,a,a,b,c,b,a,c,a,b,b,b,b,b,a,a,c,b,a,b,b,b,b,b,a,b,a,b,b,b,c,a,a,b,a,a,b,b,b,c,c,a,b,b,a,b,a,a,b,b,c,a,b,b,a,a,b,b,b,b,a,b,c,a,b,b,a,c,c,c,a,a,b,a,c,a,b,b,c,a,b,b,c,b,a,c,b,b,b,a
765,a,b,b,a,c,a,b,c,c,c,b,c,b,b,a,b,c,b,a,c,c,a,a,b,b,c,b,a,a,c,c,a,a,c,c,a,b,b,c,c,a,c,b,b,b,b,c,b,b,c,c,b,a,c,b,b,c,a,a,a,c,a,c,b,c,c,c,c,a,c,b,c,a,b,c,c,c,c,c,b,b,c,b,c,a,c,c,c,c,a,c,c,c,c,b,c,c,c,b,c
771,b,b,b,c,b,b,b,c,c,c,b,c,a,c,a,b,c,c,c,c,c,a,a,a,b,c,c,c,c,b,b,c,c,c,a,c,c,a,b,a,c,c,a,c,c,c,a,b,c,c,c,c,c,c,c,a,c,b,c,a,c,c,a,a,b,c,a,b,b,a,b,a,c,c,a,c,c,c,c,c,c,b,a,c,b,a,b,c,c,c,a,a,a,c,a,c,a,b,c,a
776,a,a,a,a,a,b,a,a,a,b,a,a,b,a,a,b,a,b,a,a,b,b,a,c,b,b,b,a,b,b,a,b,b,b,a,b,a,a,a,a,a,a,a,a,a,a,a,b,b,b,b,a,a,b,c,c,b,c,b,a,a,a,b,a,a,a,a,b,b,a,a,a,c,a,a,a,b,b,a,a,a,b,a,b,a,a,b,a,c,a,a,b,b,a,c,a,a,a,a,b
778,c,b,c,a,b,a,b,a,c,b,a,a,b,a,b,a,a,a,a,c,b,a,c,c,a,a,c,c,b,c,a,b,a,b,a,a,b,c,a,c,a,a,c,b,a,c,a,c,b,c,a,a,a,a,b,b,b,c,c,a,a,a,b,c,a,a,a,a,a,b,b,a,a,b,a,c,c,a,b,a,c,a,c,a,a,a,a,c,a,a,a,b,c,a,a,b,b,a,b,c
785,a,a,a,a,a,a,b,b,b,b,a,c,a,a,a,b,b,b,b,b,a,c,a,a,a,b,a,b,a,a,a,b,b,a,a,b,a,a,a,a,b,c,b,b,a,a,a,b,a,b,a,b,a,b,b,a,b,b,a,b,a,b,a,a,b,a,b,b,b,b,b,b,a,a,b,b,a,a,b,a,b,a,b,a,b,a,c,a,b,a,a,b,c,a,b,b,b,a,a,b
795,b,c,c,b,b,b,b,b,a,c,b,b,b,b,c,a,b,a,c,b,a,b,b,a,b,c,c,c,a,c,a,c,b,a,a,b,b,a,c,b,a,c,c,b,b,b,a,a,c,a,a,c,a,a,c,a,b,a,b,a,b,b,c,c,c,a,b,b,b,b,b,a,b,a,b,b,a,c,b,a,a,a,b,a,c,a,a,a,c,a,c,b,b,b,a,a,a,b,a,b
796,a,a,a,a,a,a,c,a,a,a,a,a,a,a,a,a,a,a,a,b,a,a,c,a,b,a,a,a,b,b,a,a,c,a,a,a,b,b,a,a,a,a,a,a,a,a,c,c,c,c,b,a,c,a,a,a,a,a,a,c,a,a,a,a,a,a,a,a,c,a,a,a,a,b,a,a,a,a,a,a,c,a,a,b,a,a,a,a,b,a,a,a,a,a,a,c,a,a,a,a
797,a,b,b,b,c,c,c,c,a,a,b,c,b,a,c,b,a,b,a,b,c,b,c,a,b,a,b,c,a,b,b,c,b,a,a,a,a,b,a,b,a,c,a,b,c,b,b,b,b,c,b,b,a,c,b,a,b,a,a,b,c,a,a,c,a,c,b,b,b,b,b,b,b,a,a,c,c,a,b,c,a,a,c,b,a,a,a,b,c,a,a,a,a,b,a,b,b,b,b,a
806,a,b,b,b,c,a,a,b,c,a,c,c,b,c,c,b,b,b,c,b,a,b,b,b,b,b,b,b,b,b,b,b,a,b,b,b,b,a,b,b,c,c,b,c,b,a,c,a,b,b,c,b,c,b,b,b,b,b,b,b,b,b,c,b,a,b,c,b,a,a,c,b,b,c,b,b,b,a,b,c,b,b,a,b,b,c,c,b,b,b,b,c,a,b,b,b,c,b,c,c
808,c,b,a,a,c,a,a,c,b,a,b,b,b,b,a,b,b,b,a,a,b,b,a,b,b,b,b,b,b,a,c,a,c,a,a,b,b,c,a,a,b,a,a,b,b,c,a,c,a,a,c,a,a,c,a,a,b,b,a,a,c,a,b,b,a,b,a,b,c,a,a,b,a,a,c,a,b,a,b,a,a,b,b,c,a,a,b,a,b,a,c,b,a,a,c,b,b,b,b,a
815,b,b,a,a,b,a,c,b,c,b,a,a,b,a,b,b,b,a,a,a,a,b,c,a,a,a,a,a,b,a,a,a,a,b,a,b,a,b,c,a,a,b,a,b,b,a,a,a,b,a,a,a,b,b,c,b,a,a,a,b,a,a,a,a,a,a,b,a,b,a,a,a,b,b,a,c,b,a,a,a,b,a,b,a,a,a,c,a,b,a,a,b,b,a,a,b,a,a,c,b
816,c,a,a,c,a,b,a,a,a,c,b,a,c,b,b,a,b,c,c,a,c,a,a,b,c,a,c,c,c,a,b,a,a,b,b,b,a,a,b,a,b,c,b,b,a,c,c,a,c,c,a,a,a,a,a,a,a,c,a,a,c,b,c,a,b,b,c,c,c,c,a,a,c,c,c,b,b,b,a,c,a,b,c,c,c,c,b,c,b,b,a,a,c,a,a,a,a,b,b,c
818,c,b,b,a,a,b,a,a,b,a,b,a,c,b,b,a,a,c,b,a,b,b,a,b,b,b,b,c,a,a,b,b,a,b,b,a,a,a,c,a,a,c,b,b,b,c,b,c,a,a,a,a,a,a,a,a,c,a,c,b,b,b,a,a,c,a,a,b,b,c,a,a,c,b,b,b,a,b,b,b,a,a,a,b,b,c,c,a,a,a,b,b,a,b,b,a,b,b,b,a
827,a,b,a,c,a,c,a,a,c,c,a,a,a,c,b,c,a,c,a,c,a,c,b,c,a,c,a,c,a,b,c,c,a,b,a,c,a,a,a,a,b,c,a,c,b,b,b,c,a,b,c,a,c,a,a,a,c,c,b,a,a,c,b,a,c,a,a,b,c,b,b,a,a,c,b,c,b,b,a,b,a,a,a,a,b,c,b,a,c,a,a,a,c,c,a,b,c,a,a,a
835,b,a,a,c,b,a,b,a,a,b,c,a,a,b,b,a,b,a,a,c,b,b,c,a,b,b,c,c,c,a,a,b,a,c,b,b,a,b,a,b,a,a,c,c,b,a,b,a,a,c,b,c,b,c,c,a,b,c,b,c,c,b,a,a,a,b,a,a,a,c,a,b,a,a,b,b,c,b,a,b,b,b,a,c,b,b,a,a,b,a,a,a,b,b,b,b,c,b,c,c
839,a,c,c,b,c,a,a,b,a,a,b,a,a,a,b,b,a,b,b,b,b,a,b,c,a,b,b,a,b,b,a,c,b,b,b,b,a,b,c,b,b,a,c,b,a,b,a,b,b,a,b,a,a,b,b,b,b,a,a,b,b,a,b,c,b,a,b,a,c,b,a,a,b,b,a,b,a,b,b,b,c,b,a,b,c,a,c,b,b,b,b,b,a,b,a,b,a,a,b,b
853,b,a,a,b,b,c,b,a,b,a,b,b,b,b,a,b,b,c,b,b,b,c,a,a,b,a,b,b,b,b,b,b,a,a,b,a,c,a,b,a,c,a,a,c,b,a,b,a,b,a,a,b,c,c,a,a,b,b,a,a,a,a,a,a,c,b,b,b,b,a,b,c,b,b,b,a,a,a,c,b,b,a,a,a,c,b,c,b,b,c,c,a,b,a,b,a,a,b,c,a
855,b,b,c,b,c,a,a,a,a,a,a,a,b,b,b,b,a,a,a,b,b,a,a,a,b,a,a,a,b,c,b,a,b,a,a,a,a,a,a,a,a,b,a,a,b,a,b,a,b,a,a,a,a,c,b,b,a,b,a,a,c,a,a,a,b,b,a,b,a,b,b,a,a,b,a,b,a,a,b,c,c,a,a,b,b,b,b,b,b,a,a,a,b,b,b,a,a,b,a,a
866,b,c,b,c,b,a,a,a,a,c,a,a,b,b,a,a,b,b,a,a,b,b,b,c,a,a,a,a,a,b,b,a,c,a,a,a,b,b,c,a,a,b,c,a,a,a,a,a,a,b,b,a,b,c,b,b,c,b,c,a,b,c,a,a,a,b,b,a,a,b,b,a,c,a,a,a,b,a,c,a,a,b,a,a,c,a,a,a,b,a,b,a,a,b,b,b,c,b,a,c
871,a,a,b,a,b,b,a,b,b,b,a,a,b,b,c,b,b,b,b,a,a,a,b,b,b,b,b,b,b,b,a,a,a,c,a,b,a,b,b,a,b,a,b,a,b,c,b,a,a,b,b,a,a,b,b,b,a,a,a,a,b,a,b,a,b,a,b,a,b,b,a,a,b,a,a,b,b,b,a,a,b,a,b,a,a,a,a,b,b,b,a,c,a,b,a,a,b,b,b,a
874,b,a,b,a,a,b,a,a,a,b,a,b,a,b,a,a,a,b,a,a,b,a,b,a,b,a,c,b,a,b,a,a,a,a,a,c,c,b,a,a,b,c,b,c,a,b,a,b,a,b,a,a,b,c,c,a,a,a,c,b,b,c,a,a,a,a,a,c,a,c,c,b,b,b,a,b,b,a,b,a,b,c,b,c,b,a,a,b,a,c,b,a,b,a,b,b,b,b,a,c
882,a,a,a,a,a,b,a,a,a,a,a,a,a,a,a,a,a,a,a,a,a,b,a,a,b,a,b,b,a,a,a,a,a,a,a,a,a,a,a,a,a,a,a,b,a,a,a,b,a,b,b,a,a,a,a,a,a,a,c,b,c,a,a,b,a,a,a,a,a,b,a,a,a,a,a,a,a,a,b,a,a,a,a,b,a,a,a,a,a,a,b,a,a,a,a,a,a,a,a,a
884,a,c,b,b,a,a,c,b,c,b,b,a,b,a,a,b,c,c,b,a,b,c,c,b,c,b,a,b,b,b,c,b,b,b,a,a,a,a,a,a,a,a,b,a,a,a,c,a,a,b,b,b,b,c,c,c,c,b,b,b,a,a,a,b,a,b,b,b,b,b,c,a,a,b,c,b,a,b,a,b,b,c,c,b,b,c,c,b,b,a,b,b,c,b,b,b,a,b,b,b
885,a,a,b,a,b,a,a,a,a,a,a,b,a,a,a,c,a,b,a,a,b,b,a,a,a,b,a,a,a,a,a,b,a,a,b,a,c,a,a,a,a,a,b,b,a,a,b,a,b,a,a,b,a,c,a,a,a,a,b,a,a,c,a,a,a,b,b,b,b,a,a,a,a,b,a,b,b,a,a,b,a,a,b,a,a,a,a,a,a,a,a,a,b,b,b,a,c,a,a,a
890,a,b,a,b,a,b,b,b,a,a,a,c,c,a,a,a,c,c,b,b,b,c,b,c,c,c,b,b,b,c,a,c,b,c,c,c,c,b,c,c,c,c,c,b,c,c,c,b,b,a,a,a,c,c,a,b,a,c,c,c,c,b,c,b,b,b,c,b,c,b,b,a,a,a,c,b,b,a,b,c,c,b,c,a,b,b,a,c,b,b,b,c,b,c,c,b,b,b,b,b
891,a,a,b,a,a,a,a,a,a,a,a,a,a,b,b,a,a,a,a,a,c,a,c,a,c,a,b,c,a,a,c,b,a,a,b,c,b,a,a,a,a,a,a,c,c,a,a,a,a,a,c,a,b,a,c,a,a,a,b,b,a,b,a,c,a,c,b,a,c,c,a,b,a,b,b,a,a,a,a,a,a,b,c,c,a,a,a,a,a,b,b,a,a,a,a,b,c,a,b,a
892,a,c,b,b,b,b,c,c,b,b,c,b,a,a,a,a,a,b,c,c,b,c,c,b,a,c,c,c,a,c,b,c,b,c,c,c,b,a,a,a,b,b,b,c,c,c,b,a,a,a,b,a,c,a,b,a,c,a,c,b,a,b,c,c,a,a,b,a,b,a,b,a,a,c,a,a,c,a,a,b,b,b,a,b,c,c,c,b,c,b,b,a,a,c,b,c,c,a,b,c
899,b,b,c,a,c,c,b,b,b,c,a,c,a,a,b,a,c,a,a,b,b,b,c,c,b,c,b,c,a,c,c,c,c,c,b,a,b,c,c,c,c,a,b,c,a,a,a,b,c,b,c,b,a,a,c,c,c,a,b,b,c,a,b,c,c,a,c,b,a,c,b,b,a,a,a,c,a,a,c,b,a,b,b,c,a,c,b,c,c,a,c,a,b,a,b,a,a,a,c,b
905,c,b,b,a,b,a,b,a,b,a,b,a,a,b,a,b,a,a,b,a,b,b,b,b,a,b,a,b,b,a,c,a,a,c,a,a,c,b,b,b,a,a,b,a,b,b,c,b,a,b,b,a,b,b,b,b,c,a,b,b,b,a,a,a,b,b,a,b,a,a,c,a,a,a,b,b,a,a,b,a,c,a,a,a,c,b,b,b,a,a,b,a,b,c,c,a,b,a,a,a
913,b,a,c,a,a,b,b,b,c,a,a,c,a,b,a,b,b,a,a,c,a,a,b,a,a,b,b,b,a,b,a,c,b,a,a,c,a,b,b,c,b,c,b,b,a,b,b,b,b,a,b,a,b,c,b,b,c,a,c,a,a,a,c,a,b,a,b,c,a,a,c,a,c,a,b,b,a,c,a,a,b,c,a,b,c,b,b,a,a,b,b,c,b,a,b,a,a,b,b,c
917,a,a,a,b,a,a,b,a,a,b,b,b,c,a,c,a,b,a,a,b,a,b,a,b,b,a,c,b,a,b,b,b,c,c,a,b,c,b,c,a,b,a,b,b,a,a,a,b,b,b,a,a,a,b,b,a,b,b,a,b,a,a,a,b,b,b,a,a,b,b,a,b,a,c,a,a,a,a,c,a,b,a,a,b,b,b,b,b,b,b,b,a,b,b,c,b,a,b,a,a
920,a,a,c,c,b,a,b,a,a,b,a,b,b,c,a,b,a,c,c,b,a,c,b,b,b,c,a,a,c,a,a,a,a,c,b,c,c,b,b,b,a,a,a,b,b,a,a,b,b,a,b,a,a,a,a,a,c,b,a,a,a,a,b,c,c,a,b,b,b,b,b,c,b,a,a,a,a,c,c,a,a,a,c,a,c,b,a,b,a,c,a,b,a,a,b,b,a,a,a,a
923,b,b,c,b,a,b,c,a,a,a,b,c,c,a,a,a,a,a,c,c,b,a,b,a,b,c,c,a,b,b,a,a,b,a,c,b,b,b,b,b,b,a,a,b,b,b,a,a,a,a,b,a,b,a,a,c,a,a,a,a,b,a,c,a,b,a,a,a,a,b,c,a,b,b,a,b,a,b,a,a,a,b,a,a,c,c,b,a,b,b,c,a,b,b,b,a,a,a,a,c
924,b,b,c,b,b,c,a,a,a,a,a,a,c,b,c,c,c,a,b,a,c,a,a,b,c,b,a,b,c,c,b,c,c,a,b,a,b,b,c,b,c,a,a,b,a,b,b,b,b,a,c,b,b,b,a,b,c,c,c,c,c,b,a,a,c,b,c,b,c,c,b,b,b,c,c,c,a,a,a,b,c,c,c,a,a,b,c,b,b,a,c,c,b,a,b,b,a,b,a,a
925,b,b,b,c,b,a,a,c,b,c,c,c,c,b,a,a,b,a,c,c,b,b,b,a,c,a,b,a,a,a,a,a,a,a,b,b,a,b,b,b,a,a,b,b,a,b,b,a,b,a,b,a,a,c,a,b,a,a,a,a,b,c,c,b,c,b,c,b,b,b,c,b,a,a,c,a,c,c,b,b,c,b,a,a,b,a,c,a,c,c,c,a,b,a,b,b,c,b,c,a
929,c,c,c,a,c,a,a,a,c,c,b,c,c,c,c,c,a,b,c,a,c,b,c,a,c,a,a,c,a,c,c,b,c,b,b,c,c,c,c,a,c,a,b,c,b,c,a,c,c,c,b,c,c,a,a,c,b,c,b,c,a,b,a,c,c,a,a,b,b,b,c,c,a,c,b,c,a,b,a,a,b,b,c,a,a,b,b,a,b,c,b,c,c,b,b,b,c,a,c,a
933,c,c,a,b,a,b,a,a,c,a,a,a,a,a,c,a,a,b,a,b,a,c,a,b,a,b,a,a,a,b,a,a,b,a,b,c,a,b,a,c,b,b,b,a,b,b,a,b,a,a,a,c,c,a,a,a,a,b,a,a,a,a,a,a,b,a,a,b,c,b,b,a,a,a,a,b,b,a,a,a,c,a,a,a,a,b,b,a,a,a,a,a,b,a,a,b,a,a,a,a
934,b,b,b,c,b,a,a,b,a,a,b,b,a,a,c,b,b,a,b,b,b,a,a,a,a,b,b,a,a,a,a,a,a,a,a,a,a,a,a,b,a,b,a,c,a,c,c,a,a,a,a,a,a,a,a,a,a,a,b,a,a,a,b,b,a,a,a,a,a,a,a,a,a,a,a,a,b,b,b,a,a,a,a,a,b,a,b,a,b,a,a,a,b,c,c,a,a,a,a,b
938,a,c,b,a,b,a,a,a,a,a,a,b,a,a,a,a,a,a,b,a,b,b,a,b,b,c,a,b,c,b,a,a,a,b,b,b,a,a,a,a,b,c,a,a,b,a,c,a,b,b,a,a,a,a,a,a,b,c,a,a,a,a,a,b,b,a,b,a,a,c,a,a,c,a,b,a,b,b,b,a,a,b,a,a,b,a,a,a,a,a,b,a,a,a,a,a,b,c,a,a
940,a,a,a,a,c,a,a,a,a,a,a,c,a,a,a,c,a,a,a,b,b,a,b,a,a,a,a,a,b,c,a,a,a,c,a,c,a,a,a,b,a,c,b,b,a,a,a,a,a,a,a,a,a,a,a,a,a,a,a,a,a,a,a,b,a,a,a,a,b,a,a,a,b,a,c,c,a,b,a,a,a,a,a,c,b,a,a,a,a,c,a,a,a,b,a,a,a,a,b,b
941,c,b,c,c,c,a,b,c,b,a,a,c,b,a,b,b,c,c,b,c,c,c,b,c,b,a,c,b,b,c,c,c,c,c,b,c,b,a,c,c,c,b,c,a,a,b,a,a,c,c,b,b,c,c,b,b,c,b,c,c,a,a,b,a,c,c,c,c,c,c,c,c,c,a,c,b,b,c,b,c,b,b,a,b,c,c,c,b,c,a,b,c,c,c,c,c,b,c,c,a
945,b,a,b,c,a,b,a,b,b,b,a,a,a,a,a,b,c,a,b,b,a,b,b,a,a,c,b,b,a,c,a,a,a,b,a,b,b,a,b,a,a,a,c,a,b,b,b,a,b,a,a,c,b,b,b,a,b,a,a,a,c,a,a,b,a,b,a,a,a,a,b,b,a,b,b,a,c,a,c,b,a,b,a,b,b,c,a,b,a,b,a,b,c,a,a,a,a,a,a,b
948,a,b,b,a,a,b,b,a,a,b,b,c,a,a,a,a,b,b,a,b,a,a,c,a,b,a,b,c,a,a,b,c,a,a,b,b,a,a,a,b,b,a,a,a,b,c,b,b,c,b,a,a,a,a,a,b,a,a,a,a,a,a,c,a,a,b,b,b,a,b,b,c,b,a,a,a,b,a,a,a,b,b,b,a,a,a,a,b,a,a,b,a,a,a,a,c,a,b,a,a
952,b,c,b,b,b,b,b,c,b,b,c,b,b,c,b,c,a,b,b,b,c,b,c,a,b,b,b,a,a,a,a,a,b,b,a,c,c,a,c,b,b,b,b,b,a,a,a,b,a,a,a,b,c,c,a,b,a,a,c,a,b,c,a,a,b,b,a,b,c,b,c,a,b,b,a,b,a,c,c,a,b,b,b,c,b,b,a,b,b,c,b,b,b,b,c,c,a,a,a,a
953,c,a,a,a,a,a,a,c,a,b,a,a,b,a,a,b,b,a,b,b,c,b,a,a,c,b,c,a,a,a,c,b,a,c,a,a,c,a,c,c,a,b,a,b,b,b,a,a,a,c,b,a,b,b,a,c,b,a,c,a,b,a,a,a,a,a,a,a,a,a,a,b,b,c,c,a,a,c,b,b,a,b,a,a,a,b,a,c,a,b,a,a,b,a,a,b,a,b,b,c
958,a,a,a,b,b,a,b,a,b,a,b,b,a,b,c,a,b,a,b,b,c,c,a,a,c,b,b,a,b,b,b,c,c,c,b,a,a,a,a,b,a,c,a,c,b,a,a,b,b,c,a,c,b,a,b,b,b,c,a,b,c,a,b,c,b,c,c,a,a,b,a,b,b,a,a,c,b,b,b,a,b,b,a,a,a,a,b,b,b,a,a,c,b,c,b,a,a,b,a,a
959,c,c,c,c,a,c,c,c,c,c,c,c,c,c,c,c,c,c,b,c,c,b,c,c,b,c,b,b,c,c,c,c,a,b,c,c,c,b,c,c,c,a,b,b,a,c,b,a,c,c,c,c,c,b,c,c,b,b,c,b,a,b,c,b,c,c,a,c,c,c,b,c,c,a,a,c,b,b,b,c,b,a,c,c,c,c,b,b,b,b,a,b,c,a,c,c,c,c,c,a
961,c,c,c,b,a,c,b,a,c,c,a,c,c,b,c,a,a,c,c,b,c,c,c,b,c,c,c,c,b,c,c,c,b,c,b,c,a,c,c,c,b,c,a,a,c,a,c,a,b,c,a,c,b,b,a,a,a,b,a,c,b,c,c,c,a,a,b,c,c,b,c,b,c,b,c,c,c,c,c,a,c,b,c,c,c,c,c,c,b,b,c,b,b,b,c,c,c,a,c,c
969,a,a,b,a,b,a,a,a,a,b,c,b,a,a,b,a,a,a,a,a,a,a,a,a,b,a,a,a,a,b,a,a,a,a,a,b,a,a,b,a,a,a,a,c,b,a,a,b,a,a,a,a,b,a,c,b,a,a,a,a,a,b,a,a,a,c,b,a,b,b,b,b,a,a,a,b,b,a,a,a,a,c,a,a,a,a,a,a,a,b,a,a,a,a,a,b,a,a,a,c
977,a,b,a,a,a,a,b,a,a,a,a,a,a,a,a,a,a,b,a,b,a,a,a,a,a,a,a,a,a,a,a,a,a,b,a,b,a,a,a,a,a,b,a,a,a,c,a,a,a,a,a,a,b,a,b,a,a,a,a,a,a,a,a,a,a,a,b,a,a,b,a,b,a,a,b,a,a,a,a,b,a,a,a,a,c,a,a,b,a,a,a,a,a,b,a,a,a,a,b,a
978,a,a,b,a,b,b,b,b,b,a,b,a,a,c,a,b,a,a,a,a,a,b,a,a,b,a,a,a,a,b,b,a,a,b,a,a,a,c,a,a,b,a,a,a,a,a,a,a,a,b,a,a,a,b,b,a,c,b,a,b,a,b,a,a,a,a,b,a,b,a,a,a,a,a,c,a,a,a,a,a,a,a,a,a,a,a,a,b,a,a,b,a,a,a,a,a,a,a,a,a
994,c,a,a,a,b,a,a,b,a,b,b,a,a,a,c,a,b,a,a,a,b,a,b,a,a,a,a,b,b,a,b,b,a,a,a,a,a,b,a,a,b,c,a,a,c,a,a,a,b,a,a,a,b,a,b,c,a,a,c,a,a,a,a,a,a,a,c,a,b,c,a,a,b,a,a,a,b,c,c,a,a,a,a,b,a,a,b,b,a,b,a,a,a,a,b,a,a,a,a,b
995,b,c,a,b,a,a,b,b,b,a,b,a,a,a,b,a,b,b,b,b,b,a,b,b,b,a,a,a,a,a,a,a,b,a,b,a,a,c,a,b,a,a,a,b,b,a,b,a,b,a,a,b,a,a,a,c,b,a,c,a,a,a,a,a,a,b,a,a,b,a,b,a,b,a,b,b,b,a,a,a,a,a,b,a,b,b,a,a,b,a,a,b,b,b,b,b,b,a,b,a
998,a,a,a,a,a,b,a,a,a,a,a,a,a,a,a,a,a,a,a,a,a,a,a,a,a,c,b,a,a,a,a,a,a,a,a,a,a,a,a,a,a,b,b,a,a,a,a,a,b,a,a,a,a,a,a,a,a,a,b,a,a,a,a,a,a,a,a,a,a,a,a,a,a,a,a,b,a,a,a,a,a,a,b,a,a,a,a,a,a,b,b,a,a,a,a,a,a,a,a,a
1001,b,c,b,a,c,a,b,a,b,a,c,b,a,a,b,a,a,b,a,a,b,b,b,b,b,b,c,b,a,c,a,a,b,b,c,b,b,a,b,a,a,a,c,a,a,b,c,b,b,b,a,a,a,b,a,a,a,b,a,a,b,c,a,c,b,a,b,b,a,b,c,c,a,c,c,b,c,a,a,a,b,b,a,c,a,c,a,b,b,a,a,a,a,b,b,a,a,b,a,a
1006,b,b,a,b,c,a,b,b,c,c,c,b,c,b,b,c,c,c,a,b,c,b,c,b,a,b,b,b,b,b,c,c,a,b,b,b,b,b,b,c,a,b,b,b,c,b,c,b,b,b,b,b,c,a,b,b,b,b,b,a,b,a,b,b,b,a,c,b,b,a,c,b,a,b,a,a,b,b,b,b,c,a,a,a,b,b,b,b,b,a,b,b,c,a,a,c,c,b,b,c
1010,b,a,a,b,a,a,b,b,a,a,b,a,a,a,b,c,b,a,a,a,a,a,a,a,a,a,a,b,a,a,a,b,a,a,a,b,a,a,a,a,a,a,b,a,b,b,b,b,a,a,b,a,a,a,a,b,b,a,a,a,a,c,b,b,a,b,a,a,a,a,b,a,b,b,a,b,a,a,a,a,a,b,a,a,a,a,a,b,a,a,a,a,b,a,a,b,a,a,b,a
1014,a,a,a,a,a,b,a,a,a,b,a,c,a,a,c,b,b,a,b,a,a,a,c,a,a,a,b,b,a,b,a,a,a,a,a,b,a,a,a,a,b,a,a,a,c,b,b,a,a,b,a,a,b,a,a,c,b,b,a,a,a,a,b,a,b,a,a,c,a,a,a,a,a,a,b,b,b,b,a,a,a,a,a,a,a,a,b,c,a,a,a,b,a,b,a,a,a,a,a,a
1020,a,b,b,b,c,b,b,a,c,a,c,b,a,a,a,b,b,a,b,b,a,a,a,a,b,b,a,c,b,b,b,a,b,b,a,a,b,a,b,a,b,a,b,b,a,b,b,c,b,a,c,a,c,a,b,a,b,a,a,b,a,c,a,b,b,b,b,b,b,a,a,b,c,c,b,a,a,a,b,b,b,a,a,b,a,b,a,c,a,b,a,b,a,b,a,b,a,b,b,b
1030,a,b,b,a,a,b,b,b,b,a,b,b,a,b,a,b,a,b,b,a,a,a,a,b,b,a,b,b,a,a,a,a,a,a,a,b,b,b,a,a,c,c,a,a,a,a,a,b,a,c,a,a,a,b,b,b,a,a,a,a,a,b,a,a,a,a,c,b,b,a,a,c,a,a,a,b,a,b,a,a,b,b,a,c,a,a,a,a,b,a,a,a,a,c,a,b,a,c,a,a
1034,b,a,a,a,a,a,b,b,b,b,a,b,a,b,a,a,c,c,b,b,c,a,b,a,a,a,a,a,a,b,a,b,a,a,a,a,a,a,a,b,a,a,a,a,a,b,b,a,a,a,a,a,c,a,c,a,a,a,a,a,a,b,b,a,a,b,a,a,b,a,a,b,a,a,a,a,a,a,c,a,b,a,a,a,b,a,c,a,b,b,a,b,a,a,a,a,b,a,a,a
1035,a,b,b,a,a,b,a,a,a,b,b,a,a,a,b,a,a,a,b,b,a,b,b,b,a,a,b,b,a,b,b,b,b,a,a,a,b,a,a,b,b,a,a,a,a,a,a,a,b,b,a,b,a,b,b,a,a,b,b,b,a,b,b,a,b,a,a,a,a,a,a,b,a,b,b,a,a,b,a,b,b,b,a,a,b,a,a,b,b,b,b,b,b,b,a,a,b,a,a,a
1037,a,a,b,c,b,b,a,b,b,b,b,b,a,a,a,a,a,c,a,b,a,b,c,b,a,b,a,b,a,b,a,a,b,a,a,c,b,b,b,a,a,b,a,a,c,b,b,a,b,a,b,c,a,a,b,b,b,c,b,b,a,b,b,a,b,a,b,b,a,a,a,c,a,a,a,a,a,a,a,a,a,c,a,a,b,a,a,a,a,b,c,a,b,a,b,a,a,a,a,a
1046,b,a,a,a,a,a,b,a,a,b,a,a,a,a,a,a,a,a,b,a,b,b,b,a,b,a,a,b,a,a,b,c,a,b,b,b,a,b,a,c,a,a,a,b,a,b,b,a,a,b,a,a,a,a,a,a,b,a,b,a,a,a,a,b,a,a,b,a,a,c,a,b,a,a,b,a,a,a,a,b,a,a,a,a,a,a,b,a,b,b,a,a,a,b,c,a,a,a,b,a
1053,b,b,c,c,b,b,c,a,b,a,b,c,b,b,b,b,c,c,c,c,b,c,c,a,a,c,b,c,b,b,b,c,c,b,b,a,c,a,b,b,b,c,c,b,b,b,c,c,a,a,b,b,b,b,c,a,b,c,b,c,a,b,a,a,c,a,b,b,c,b,a,c,c,a,c,c,c,b,b,b,b,a,a,a,b,b,b,c,b,c,c,c,b,b,a,c,c,a,b,b
1055,b,a,b,a,a,a,a,a,a,c,b,b,b,c,b,a,c,b,b,b,b,a,c,c,c,b,b,a,c,b,a,a,a,b,b,b,b,a,c,a,a,a,a,a,c,a,b,b,a,a,b,b,b,a,b,b,b,b,a,a,a,a,a,a,b,a,a,c,b,a,a,b,c,a,b,a,c,b,b,c,a,b,a,a,a,a,a,b,b,a,b,a,b,a,c,a,b,a,a,b
1058,a,a,b,b,a,c,a,b,b,a,c,b,a,c,b,b,a,a,c,b,a,c,a,b,b,a,a,a,b,a,c,b,a,b,c,a,a,a,c,a,c,b,c,b,b,b,a,b,a,c,b,a,c,a,b,b,b,b,b,a,a,b,a,b,a,c,c,a,a,a,b,b,a,a,a,b,a,b,c,b,a,b,b,b,a,c,c,b,a,b,c,c,b,c,a,a,a,b,a,c
1065,b,a,b,b,b,b,a,b,b,c,b,b,a,b,b,a,c,b,a,a,a,a,a,a,a,c,b,a,b,a,b,b,a,a,a,b,b,b,a,b,c,a,a,a,a,a,a,b,b,b,a,a,a,b,b,c,a,b,a,b,b,a,c,a,b,a,b,b,a,c,a,a,a,a,a,a,a,b,b,b,a,a,a,a,c,c,a,a,b,a,a,b,b,c,b,a,b,b,a,a
1076,a,a,a,a,a,a,a,a,a,a,a,b,a,a,a,a,a,a,a,a,a,a,a,a,a,a,c,a,a,a,a,a,a,a,a,a,a,a,a,a,a,a,a,a,a,c,a,a,c,a,a,a,a,a,a,a,a,a,a,a,a,a,a,a,a,c,a,a,a,a,a,a,a,a,a,c,a,a,a,a,a,a,a,a,a,a,a,a,c,a,a,a,a,a,a,a,a,a,a,a
1084,a,b,b,c,a,a,b,c,a,b,b,b,a,b,a,b,a,b,a,c,c,a,b,b,a,c,a,a,b,a,b,a,a,c,b,a,a,a,a,a,b,b,a,a,a,a,a,c,a,a,b,b,c,a,c,c,a,a,a,c,a,b,b,b,b,b,c,b,a,a,b,a,b,b,a,b,a,b,b,a,b,b,c,b,c,a,b,c,a,b,b,a,b,a,a,b,a,a,b,b
1089,a,b,b,a,b,c,c,b,a,a,b,b,c,c,a,c,c,b,b,c,a,c,b,c,a,a,b,a,c,a,a,a,a,b,c,b,a,b,b,c,c,a,b,a,b,a,b,b,b,c,a,a,c,b,c,c,a,c,c,b,a,b,b,a,a,c,b,c,c,a,c,c,b,c,a,c,b,c,c,b,b,b,a,c,b,c,c,c,a,b,c,b,b,c,c,a,c,c,c,c
1091,b,a,b,b,c,b,b,a,c,c,c,b,c,b,c,c,a,c,c,b,c,b,c,c,b,c,c,c,a,b,c,b,c,c,b,c,c,a,c,b,c,c,c,c,c,c,c,a,c,a,c,b,a,c,c,a,c,c,a,c,b,c,b,c,c,b,b,b,c,c,b,a,c,b,c,b,b,c,a,c,c,c,b,b,b,b,c,c,c,c,c,a,c,c,b,b,c,c,a,c
1097,a,a,b,a,c,b,a,a,a,a,a,a,b,a,a,a,a,a,a,a,a,a,a,a,a,b,b,a,b,b,a,b,a,b,a,b,a,a,a,a,a,a,a,a,a,b,a,a,a,b,a,b,a,a,a,a,a,a,b,a,a,a,a,b,b,b,a,a,a,a,b,b,b,a,a,a,a,a,b,b,c,a,a,a,a,b,b,a,a,b,a,a,a,b,a,b,a,c,b,b
1118,c,a,a,b,a,a,b,a,b,b,a,a,a,a,a,a,a,b,a,a,b,b,c,b,a,a,b,b,a,c,b,a,b,b,a,b,a,b,a,a,a,b,b,b,a,a,a,b,a,b,a,b,a,b,a,a,b,c,a,c,b,b,b,b,a,b,b,a,a,a,a,a,a,a,a,a,a,b,b,b,a,b,a,b,b,a,a,b,b,a,b,a,a,b,a,a,a,b,b,b
1122,a,a,a,b,b,a,a,b,b,b,a,a,a,a,c,c,a,a,a,c,a,c,a,a,b,b,b,a,b,b,a,a,a,b,a,a,c,c,a,a,b,b,a,a,a,b,b,b,b,b,b,a,b,a,a,a,b,b,b,c,a,a,a,a,b,a,b,c,b,a,b,a,a,b,c,a,b,a,a,b,b,c,b,a,a,c,a,a,b,b,c,a,b,a,a,b,b,c,a,c
1125,c,b,c,a,b,b,c,c,c,a,a,b,b,b,c,c,a,c,c,c,b,c,c,a,c,b,b,a,c,a,c,a,a,c,c,c,c,b,c,b,a,a,b,a,c,a,b,a,b,a,a,a,c,c,c,c,a,b,c,c,b,a,c,c,b,a,b,c,c,a,b,a,b,b,a,c,b,b,a,c,a,b,c,b,a,c,b,b,c,b,c,b,b,b,c,a,b,a,c,c
1127,a,b,b,b,b,b,c,a,c,b,b,a,a,a,c,b,b,b,a,a,a,c,b,b,a,b,b,b,b,b,c,b,b,a,a,b,c,b,b,a,a,c,b,c,b,a,b,b,c,b,b,a,b,b,a,c,b,b,a,a,a,b,c,b,b,b,a,a,a,a,b,a,c,b,a,b,b,a,b,b,b,b,b,b,b,a,b,a,b,b,b,a,a,b,a,a,a,a,b,a
1130,b,a,a,a,c,a,b,b,c,b,a,b,b,a,b,b,b,b,b,c,b,b,b,c,a,a,b,b,b,a,b,c,a,c,a,a,b,c,c,c,b,b,b,b,b,a,a,a,a,a,a,c,c,b,c,b,b,b,c,c,c,b,c,a,a,b,b,c,b,a,b,a,b,c,b,b,c,a,b,a,b,b,b,a,b,b,c,c,b,b,a,b,a,b,a,a,c,b,c,a
1135,b,a,a,b,c,b,a,a,a,a,a,a,a,b,b,c,a,b,a,a,b,b,b,b,a,b,b,c,b,a,b,b,a,c,b,c,b,b,b,b,a,a,a,a,c,a,a,b,a,b,a,c,b,c,b,a,a,a,c,a,b,b,b,b,a,a,c,a,c,b,c,a,a,c,b,c,c,b,a,c,b,c,a,b,b,a,b,a,b,b,a,a,c,c,a,c,b,b,c,a
1147,a,b,a,b,b,c,c,b,c,c,b,b,a,c,b,b,a,a,a,c,b,b,b,a,a,b,b,b,b,b,b,c,a,b,b,b,b,b,b,b,b,b,a,b,c,a,b,a,c,b,b,b,b,b,b,a,b,b,b,b,b,b,a,c,a,b,c,c,a,a,b,b,a,a,a,b,c,c,a,b,b,a,a,b,a,a,b,a,b,b,b,c,b,b,a,c,b,a,a,a
1153,a,a,a,a,a,a,a,a,a,b,a,a,a,a,a,a,a,a,a,a,a,a,a,a,a,a,a,b,a,b,a,a,a,a,b,a,a,a,a,a,a,a,a,a,a,a,a,a,a,b,a,a,b,b,a,a,a,a,a,a,a,a,a,a,b,a,a,a,b,b,a,a,a,a,a,a,a,a,a,a,a,a,a,a,a,a,a,a,a,a,a,a,a,a,a,a,b,a,a,a
1168,a,a,c,b,b,a,c,a,a,b,a,a,a,a,b,c,a,a,b,b,a,b,a,a,b,a,a,a,a,a,b,b,a,a,a,a,a,a,b,a,a,a,a,a,a,a,a,b,a,a,a,b,a,a,a,b,a,b,a,b,a,a,a,b,a,a,a,a,a,b,a,a,b,a,a,a,b,a,a,c,a,b,a,a,b,a,a,b,a,a,a,a,a,b,b,a,a,b,a,a
1169,a,a,a,a,a,a,a,a,a,a,a,a,a,a,a,a,a,a,a,a,a,a,a,a,a,a,a,a,a,a,a,a,a,a,a,a,a,a,a,a,a,a,a,a,a,a,a,a,a,a,a,a,a,a,a,a,a,a,a,a,a,a,a,a,a,a,a,a,a,a,a,a,a,a,a,a,a,a,a,a,a,a,a,a,a,a,a,a,a,a,a,a,a,a,a,a,a,a,a,a
1171,b,b,c,b,b,a,a,b,b,b,b,c,c,b,c,a,a,a,c,a,a,c,b,a,b,c,b,c,b,c,c,c,c,a,a,c,b,b,b,b,b,b,a,a,c,a,b,b,c,a,c,a,c,b,c,a,c,b,a,b,c,c,a,b,c,c,b,c,b,a,a,c,a,a,c,b,c,a,c,c,b,c,c,a,b,c,a,b,a,a,c,c,a,b,a,b,b,a,a,c
1173,a,c,c,c,c,b,b,a,c,c,a,b,a,c,b,c,c,c,a,a,c,b,c,a,b,c,b,c,a,b,c,a,c,a,b,c,c,c,a,a,c,c,c,a,b,c,c,c,c,b,b,c,a,b,c,a,b,c,b,a,a,c,c,a,c,c,b,b,c,a,c,c,c,a,b,b,a,c,c,a,a,c,c,b,a,c,c,b,c,a,c,b,a,c,c,a,c,a,a,c
1178,a,a,b,a,a,a,a,a,a,c,b,a,a,a,a,a,a,a,a,a,a,a,a,a,a,a,a,c,a,a,a,c,a,a,a,a,b,b,b,a,a,a,a,b,a,a,a,a,a,a,a,a,a,a,a,a,a,a,a,a,a,b,a,c,c,a,a,b,a,b,a,b,b,b,a,b,c,a,a,a,a,a,c,a,a,b,a,a,a,b,b,c,a,a,a,a,a,a,a,a
1179,b,b,b,b,a,b,b,a,a,c,a,b,c,a,a,b,c,a,b,a,b,c,b,a,a,b,b,a,a,b,a,b,b,a,a,a,b,a,a,a,b,c,a,a,a,c,b,c,a,b,b,b,b,b,a,c,b,a,a,c,c,b,c,b,b,b,b,b,b,b,a,b,a,c,b,a,c,b,b,b,c,b,b,a,b,b,a,c,b,a,a,c,b,b,b,b,b,a,a,b
1180,c,a,b,c,b,a,a,a,a,b,b,c,c,a,a,a,a,c,b,b,c,b,c,c,a,a,a,c,a,c,c,a,b,b,c,a,c,a,a,b,a,c,c,a,b,c,b,a,b,c,a,a,b,c,c,b,c,a,b,b,a,c,a,c,a,b,a,c,a,c,a,b,b,a,a,b,b,c,c,b,a,b,c,b,a,a,a,c,c,a,a,a,c,a,b,a,c,b,a,b
1181,a,a,b,a,c,b,a,c,c,a,b,b,c,c,c,a,a,a,a,a,c,b,a,b,a,a,a,a,a,c,a,a,b,a,a,a,a,a,a,c,c,b,a,a,a,b,c,b,a,c,a,b,b,a,a,a,b,b,b,b,a,a,a,a,a,c,a,a,c,b,a,b,a,a,a,a,a,a,c,c,b,b,b,c,b,b,b,a,a,a,b,a,b,a,b,b,c,a,b,c
1182,b,b,a,a,b,b,b,b,a,b,b,a,a,c,b,c,b,b,a,a,a,b,a,b,a,a,b,b,b,a,a,b,c,b,b,c,b,b,b,b,b,a,a,c,a,a,a,a,b,a,a,b,b,c,b,b,a,c,c,a,a,c,a,b,b,a,b,b,c,a,b,b,b,b,a,b,b,b,a,a,b,b,a,b,c,c,b,b,a,a,b,a,a,b,b,c,b,a,b,a
1187,a,b,a,b,a,a,a,a,c,a,b,a,a,a,a,a,b,a,b,a,b,a,a,a,b,a,a,c,c,a,a,c,a,c,b,a,c,b,b,b,a,b,a,a,b,a,a,b,b,b,a,a,b,a,a,a,a,b,b,b,a,b,b,a,a,a,b,b,b,a,a,b,a,b,b,a,a,a,a,a,b,b,a,b,b,a,b,a,b,c,a,b,a,b,c,a,b,a,c,b
